time,energy,energy_error,position,velocity
0.01,0.5,-6.88338e-15,0.99995,-0.00999983
0.02,0.5,-1.38223e-14,0.9998,-0.0199987
0.03,0.5,-2.08167e-14,0.99955,-0.0299955
0.04,0.5,-2.77556e-14,0.9992,-0.0399893
0.05,0.5,-3.46945e-14,0.99875,-0.0499792
0.06,0.5,-4.15779e-14,0.998201,-0.059964
0.07,0.5,-4.85723e-14,0.997551,-0.0699428
0.08,0.5,-5.55667e-14,0.996802,-0.0799147
0.09,0.5,-6.25611e-14,0.995953,-0.0898785
0.1,0.5,-6.95e-14,0.995004,-0.0998334
0.11,0.5,-7.64389e-14,0.993956,-0.109778
0.12,0.5,-8.33777e-14,0.992809,-0.119712
0.13,0.5,-9.02611e-14,0.991562,-0.129634
0.14,0.5,-9.72555e-14,0.990216,-0.139543
0.15,0.5,-1.04194e-13,0.988771,-0.149438
0.16,0.5,-1.11078e-13,0.987227,-0.159318
0.17,0.5,-1.18072e-13,0.985585,-0.169182
0.18,0.5,-1.24956e-13,0.983844,-0.17903
0.19,0.5,-1.31839e-13,0.982004,-0.188859
0.2,0.5,-1.38778e-13,0.980067,-0.198669
0.21,0.5,-1.45772e-13,0.978031,-0.20846
0.22,0.5,-1.52711e-13,0.975897,-0.21823
0.23,0.5,-1.59595e-13,0.973666,-0.227978
0.24,0.5,-1.66533e-13,0.971338,-0.237703
0.25,0.5,-1.73361e-13,0.968912,-0.247404
0.26,0.5,-1.80356e-13,0.96639,-0.257081
0.27,0.5,-1.8735e-13,0.963771,-0.266731
0.28,0.5,-1.94289e-13,0.961055,-0.276356
0.29,0.5,-2.01283e-13,0.958244,-0.285952
0.3,0.5,-2.08167e-13,0.955336,-0.29552
0.31,0.5,-2.15161e-13,0.952334,-0.305059
0.32,0.5,-2.221e-13,0.949235,-0.314567
0.33,0.5,-2.29039e-13,0.946042,-0.324043
0.34,0.5,-2.35922e-13,0.942755,-0.333487
0.35,0.5,-2.42917e-13,0.939373,-0.342898
0.36,0.5,-2.49911e-13,0.935897,-0.352274
0.37,0.5,-2.5685e-13,0.932327,-0.361615
0.38,0.5,-2.63789e-13,0.928665,-0.37092
0.39,0.5,-2.70672e-13,0.924909,-0.380188
0.4,0.5,-2.77611e-13,0.921061,-0.389418
0.41,0.5,-2.8455e-13,0.917121,-0.398609
0.42,0.5,-2.91545e-13,0.913089,-0.40776
0.43,0.5,-2.98428e-13,0.908966,-0.416871
0.44,0.5,-3.05422e-13,0.904752,-0.425939
0.45,0.5,-3.12306e-13,0.900447,-0.434966
0.46,0.5,-3.19245e-13,0.896052,-0.443948
0.47,0.5,-3.26128e-13,0.891568,-0.452886
0.48,0.5,-3.33067e-13,0.886995,-0.461779
0.49,0.5,-3.3995e-13,0.882333,-0.470626
0.5,0.5,-3.46889e-13,0.877583,-0.479426
0.51,0.5,-3.53828e-13,0.872745,-0.488177
0.52,0.5,-3.60767e-13,0.867819,-0.49688
0.53,0.5,-3.67595e-13,0.862807,-0.505533
0.54,0.5,-3.74645e-13,0.857709,-0.514136
0.55,0.5,-3.81584e-13,0.852525,-0.522687
0.56,0.5,-3.88523e-13,0.847255,-0.531186
0.57,0.5,-3.95461e-13,0.841901,-0.539632
0.58,0.5,-4.02456e-13,0.836463,-0.548024
0.59,0.5,-4.09339e-13,0.830941,-0.556361
0.6,0.5,-4.16334e-13,0.825336,-0.564642
0.61,0.5,-4.23217e-13,0.819648,-0.572867
0.62,0.5,-4.301e-13,0.813878,-0.581035
0.63,0.5,-4.36984e-13,0.808028,-0.589145
0.64,0.5,-4.43978e-13,0.802096,-0.597195
0.65,0.5,-4.50862e-13,0.796084,-0.605186
0.66,0.5,-4.57745e-13,0.789992,-0.613117
0.67,0.5,-4.64739e-13,0.783822,-0.620986
0.68,0.5,-4.71623e-13,0.777573,-0.628793
0.69,0.5,-4.78617e-13,0.771246,-0.636537
0.7,0.5,-4.85556e-13,0.764842,-0.644218
0.71,0.5,-4.92495e-13,0.758362,-0.651834
0.72,0.5,-4.99434e-13,0.751806,-0.659385
0.73,0.5,-5.06373e-13,0.745174,-0.66687
0.74,0.5,-5.13256e-13,0.738469,-0.674288
0.75,0.5,-5.20195e-13,0.731689,-0.681639
0.76,0.5,-5.27134e-13,0.724836,-0.688921
0.77,0.5,-5.34128e-13,0.717911,-0.696135
0.78,0.5,-5.41012e-13,0.710914,-0.703279
0.79,0.5,-5.47951e-13,0.703845,-0.710353
0.8,0.5,-5.54945e-13,0.696707,-0.717356
0.81,0.5,-5.61884e-13,0.689498,-0.724287
0.82,0.5,-5.68767e-13,0.682221,-0.731146
0.83,0.5,-5.75817e-13,0.674876,-0.737931
0.84,0.5,-5.82867e-13,0.667463,-0.744643
0.85,0.5,-5.89806e-13,0.659983,-0.75128
0.86,0.5,-5.96745e-13,0.652437,-0.757843
0.87,0.5,-6.03628e-13,0.644827,-0.764329
0.88,0.5,-6.10512e-13,0.637151,-0.770739
0.89,0.5,-6.17506e-13,0.629412,-0.777072
0.9,0.5,-6.24389e-13,0.62161,-0.783327
0.91,0.5,-6.31384e-13,0.613746,-0.789504
0.92,0.5,-6.38378e-13,0.60582,-0.795602
0.93,0.5,-6.45373e-13,0.597834,-0.80162
0.94,0.5,-6.52256e-13,0.589788,-0.807558
0.95,0.5,-6.59139e-13,0.581683,-0.813416
0.96,0.5,-6.66134e-13,0.57352,-0.819192
0.97,0.5,-6.73128e-13,0.5653,-0.824886
0.98,0.5,-6.80123e-13,0.557023,-0.830497
0.99,0.5,-6.87006e-13,0.54869,-0.836026
1,0.5,-6.93945e-13,0.540302,-0.841471
1.01,0.5,-7.00828e-13,0.531861,-0.846832
1.02,0.5,-7.07712e-13,0.523366,-0.852108
1.03,0.5,-7.14651e-13,0.514819,-0.857299
1.04,0.5,-7.21645e-13,0.50622,-0.862404
1.05,0.5,-7.28528e-13,0.497571,-0.867423
1.06,0.5,-7.35467e-13,0.488872,-0.872355
1.07,0.5,-7.42406e-13,0.480124,-0.877201
1.08,0.5,-7.4929e-13,0.471328,-0.881958
1.09,0.5,-7.56284e-13,0.462485,-0.886627
1.1,0.5,-7.63223e-13,0.453596,-0.891207
1.11,0.5,-7.70162e-13,0.444662,-0.895699
1.12,0.5,-7.77045e-13,0.435682,-0.9001
1.13,0.5,-7.84039e-13,0.42666,-0.904412
1.14,0.5,-7.90978e-13,0.417595,-0.908633
1.15,0.5,-7.97917e-13,0.408487,-0.912764
1.16,0.5,-8.04856e-13,0.39934,-0.916803
1.17,0.5,-8.11851e-13,0.390152,-0.920751
1.18,0.5,-8.18789e-13,0.380925,-0.924606
1.19,0.5,-8.25728e-13,0.37166,-0.928369
1.2,0.5,-8.32667e-13,0.362358,-0.932039
1.21,0.5,-8.39606e-13,0.353019,-0.935616
1.22,0.5,-8.46545e-13,0.343646,-0.939099
1.23,0.5,-8.53428e-13,0.334238,-0.942489
1.24,0.5,-8.60423e-13,0.324796,-0.945784
1.25,0.5,-8.67417e-13,0.315322,-0.948985
1.26,0.5,-8.74412e-13,0.305817,-0.95209
1.27,0.5,-8.81295e-13,0.296281,-0.955101
1.28,0.5,-8.88234e-13,0.286715,-0.958016
1.29,0.5,-8.95228e-13,0.277121,-0.960835
1.3,0.5,-9.02112e-13,0.267499,-0.963558
1.31,0.5,-9.09106e-13,0.25785,-0.966185
1.32,0.5,-9.16101e-13,0.248175,-0.968715
1.33,0.5,-9.22984e-13,0.238476,-0.971148
1.34,0.5,-9.29923e-13,0.228753,-0.973485
1.35,0.5,-9.36862e-13,0.219007,-0.975723
1.36,0.5,-9.4369e-13,0.209239,-0.977865
1.37,0.5,-9.50628e-13,0.19945,-0.979908
1.38,0.5,-9.57567e-13,0.189641,-0.981854
1.39,0.5,-9.64506e-13,0.179813,-0.983701
1.4,0.5,-9.71501e-13,0.169967,-0.98545
1.41,0.5,-9.7844e-13,0.160104,-0.9871
1.42,0.5,-9.85378e-13,0.150225,-0.988652
1.43,0.5,-9.92262e-13,0.140332,-0.990105
1.44,0.5,-9.99256e-13,0.130424,-0.991458
1.45,0.5,-1.0062e-12,0.120503,-0.992713
1.46,0.5,-1.01308e-12,0.11057,-0.993868
1.47,0.5,-1.01996e-12,0.100626,-0.994924
1.48,0.5,-1.0269e-12,0.0906716,-0.995881
1.49,0.5,-1.03384e-12,0.0807084,-0.996738
1.5,0.5,-1.04083e-12,0.0707372,-0.997495
1.51,0.5,-1.04772e-12,0.0607589,-0.998152
1.52,0.5,-1.05471e-12,0.0507745,-0.99871
1.53,0.5,-1.0616e-12,0.040785,-0.999168
1.54,0.5,-1.06859e-12,0.0307915,-0.999526
1.55,0.5,-1.07553e-12,0.0207948,-0.999784
1.56,0.5,-1.08241e-12,0.0107961,-0.999942
1.57,0.5,-1.0893e-12,0.000796327,-1
1.58,0.5,-1.09629e-12,-0.00920354,-0.999958
1.59,0.5,-1.10328e-12,-0.0192025,-0.999816
1.6,0.5,-1.11028e-12,-0.0291995,-0.999574
1.61,0.5,-1.11716e-12,-0.0391936,-0.999232
1.62,0.5,-1.12405e-12,-0.0491838,-0.99879
1.63,0.5,-1.13104e-12,-0.0591691,-0.998248
1.64,0.5,-1.13803e-12,-0.0691484,-0.997606
1.65,0.5,-1.14497e-12,-0.0791209,-0.996865
1.66,0.5,-1.15191e-12,-0.0890854,-0.996024
1.67,0.5,-1.15885e-12,-0.099041,-0.995083
1.68,0.5,-1.16579e-12,-0.108987,-0.994043
1.69,0.5,-1.17273e-12,-0.118922,-0.992904
1.7,0.5,-1.17967e-12,-0.128844,-0.991665
1.71,0.5,-1.18672e-12,-0.138755,-0.990327
1.72,0.5,-1.19355e-12,-0.148651,-0.98889
1.73,0.5,-1.20054e-12,-0.158532,-0.987354
1.74,0.5,-1.20753e-12,-0.168397,-0.985719
1.75,0.5,-1.21447e-12,-0.178246,-0.983986
1.76,0.5,-1.22147e-12,-0.188077,-0.982154
1.77,0.5,-1.22841e-12,-0.197889,-0.980224
1.78,0.5,-1.23535e-12,-0.207681,-0.978197
1.79,0.5,-1.24234e-12,-0.217452,-0.976071
1.8,0.5,-1.24928e-12,-0.227202,-0.973848
1.81,0.5,-1.25622e-12,-0.236929,-0.971527
1.82,0.5,-1.26321e-12,-0.246632,-0.969109
1.83,0.5,-1.27021e-12,-0.256311,-0.966594
1.84,0.5,-1.27709e-12,-0.265964,-0.963983
1.85,0.5,-1.28408e-12,-0.27559,-0.961275
1.86,0.5,-1.29102e-12,-0.285189,-0.958471
1.87,0.5,-1.29796e-12,-0.294759,-0.955572
1.88,0.5,-1.3049e-12,-0.3043,-0.952576
1.89,0.5,-1.31184e-12,-0.313811,-0.949486
1.9,0.5,-1.31878e-12,-0.32329,-0.9463
1.91,0.5,-1.32566e-12,-0.332736,-0.94302
1.92,0.5,-1.3326e-12,-0.34215,-0.939645
1.93,0.5,-1.3396e-12,-0.351529,-0.936177
1.94,0.5,-1.34648e-12,-0.360873,-0.932615
1.95,0.5,-1.35347e-12,-0.370181,-0.92896
1.96,0.5,-1.36036e-12,-0.379452,-0.925212
1.97,0.5,-1.36735e-12,-0.388685,-0.921371
1.98,0.5,-1.37435e-12,-0.397879,-0.917438
1.99,0.5,-1.38123e-12,-0.407033,-0.913413
2,0.5,-1.38822e-12,-0.416147,-0.909297
2.01,0.5,-1.39516e-12,-0.425219,-0.905091
2.02,0.5,-1.4021e-12,-0.434248,-0.900793
2.03,0.5,-1.40904e-12,-0.443234,-0.896406
2.04,0.5,-1.41598e-12,-0.452176,-0.891929
2.05,0.5,-1.42286e-12,-0.461073,-0.887362
2.06,0.5,-1.4298e-12,-0.469923,-0.882707
2.07,0.5,-1.43674e-12,-0.478727,-0.877964
2.08,0.5,-1.44373e-12,-0.487482,-0.873133
2.09,0.5,-1.45062e-12,-0.496189,-0.868215
2.1,0.5,-1.4575e-12,-0.504846,-0.863209
2.11,0.5,-1.4645e-12,-0.513453,-0.858118
2.12,0.5,-1.47143e-12,-0.522008,-0.85294
2.13,0.5,-1.47837e-12,-0.530511,-0.847678
2.14,0.5,-1.48537e-12,-0.538961,-0.84233
2.15,0.5,-1.49242e-12,-0.547358,-0.836899
2.16,0.5,-1.4993e-12,-0.555699,-0.831383
2.17,0.5,-1.50624e-12,-0.563985,-0.825785
2.18,0.5,-1.51312e-12,-0.572215,-0.820104
2.19,0.5,-1.52012e-12,-0.580387,-0.814341
2.2,0.5,-1.52706e-12,-0.588501,-0.808496
2.21,0.5,-1.534e-12,-0.596557,-0.802571
2.22,0.5,-1.54088e-12,-0.604552,-0.796565
2.23,0.5,-1.54776e-12,-0.612488,-0.79048
2.24,0.5,-1.55476e-12,-0.620362,-0.784316
2.25,0.5,-1.56164e-12,-0.628174,-0.778073
2.26,0.5,-1.56863e-12,-0.635923,-0.771753
2.27,0.5,-1.57563e-12,-0.643608,-0.765355
2.28,0.5,-1.58257e-12,-0.65123,-0.758881
2.29,0.5,-1.58956e-12,-0.658786,-0.752331
2.3,0.5,-1.5965e-12,-0.666276,-0.745705
2.31,0.5,-1.6035e-12,-0.6737,-0.739005
2.32,0.5,-1.61043e-12,-0.681056,-0.732231
2.33,0.5,-1.61737e-12,-0.688344,-0.725384
2.34,0.5,-1.62426e-12,-0.695563,-0.718465
2.35,0.5,-1.63125e-12,-0.702713,-0.711473
2.36,0.5,-1.63825e-12,-0.709793,-0.704411
2.37,0.5,-1.64513e-12,-0.716801,-0.697278
2.38,0.5,-1.65201e-12,-0.723738,-0.690075
2.39,0.5,-1.65895e-12,-0.730602,-0.682803
2.4,0.5,-1.66589e-12,-0.737394,-0.675463
2.41,0.5,-1.67288e-12,-0.744111,-0.668056
2.42,0.5,-1.67982e-12,-0.750755,-0.660581
2.43,0.5,-1.68676e-12,-0.757323,-0.653041
2.44,0.5,-1.69365e-12,-0.763815,-0.645435
2.45,0.5,-1.70058e-12,-0.770231,-0.637765
2.46,0.5,-1.70752e-12,-0.77657,-0.630031
2.47,0.5,-1.71452e-12,-0.782832,-0.622234
2.48,0.5,-1.7214e-12,-0.789015,-0.614374
2.49,0.5,-1.7284e-12,-0.795119,-0.606454
2.5,0.5,-1.73528e-12,-0.801144,-0.598472
2.51,0.5,-1.74216e-12,-0.807088,-0.590431
2.52,0.5,-1.74905e-12,-0.812952,-0.582331
2.53,0.5,-1.75615e-12,-0.818735,-0.574172
2.54,0.5,-1.76303e-12,-0.824435,-0.565956
2.55,0.5,-1.76992e-12,-0.830054,-0.557684
2.56,0.5,-1.77691e-12,-0.835589,-0.549355
2.57,0.5,-1.78391e-12,-0.84104,-0.540972
2.58,0.5,-1.79085e-12,-0.846408,-0.532535
2.59,0.5,-1.79778e-12,-0.851691,-0.524044
2.6,0.5,-1.80472e-12,-0.856889,-0.515501
2.61,0.5,-1.81166e-12,-0.862001,-0.506907
2.62,0.5,-1.8186e-12,-0.867027,-0.498262
2.63,0.5,-1.8256e-12,-0.871966,-0.489567
2.64,0.5,-1.83253e-12,-0.876818,-0.480823
2.65,0.5,-1.83947e-12,-0.881582,-0.472031
2.66,0.5,-1.84636e-12,-0.886258,-0.463191
2.67,0.5,-1.85335e-12,-0.890846,-0.454306
2.68,0.5,-1.86029e-12,-0.895344,-0.445375
2.69,0.5,-1.86723e-12,-0.899753,-0.436399
2.7,0.5,-1.87411e-12,-0.904072,-0.42738
2.71,0.5,-1.88111e-12,-0.908301,-0.418318
2.72,0.5,-1.88805e-12,-0.912438,-0.409214
2.73,0.5,-1.89504e-12,-0.916485,-0.400069
2.74,0.5,-1.90203e-12,-0.92044,-0.390885
2.75,0.5,-1.90897e-12,-0.924302,-0.381661
2.76,0.5,-1.91597e-12,-0.928073,-0.372399
2.77,0.5,-1.9228e-12,-0.93175,-0.3631
2.78,0.5,-1.92979e-12,-0.935335,-0.353764
2.79,0.5,-1.93667e-12,-0.938825,-0.344393
2.8,0.5,-1.94361e-12,-0.942222,-0.334988
2.81,0.5,-1.95055e-12,-0.945525,-0.325549
2.82,0.5,-1.95749e-12,-0.948733,-0.316078
2.83,0.5,-1.96443e-12,-0.951847,-0.306575
2.84,0.5,-1.97137e-12,-0.954865,-0.297041
2.85,0.5,-1.97836e-12,-0.957787,-0.287478
2.86,0.5,-1.9853e-12,-0.960614,-0.277886
2.87,0.5,-1.99218e-12,-0.963345,-0.268266
2.88,0.5,-1.99918e-12,-0.965979,-0.258619
2.89,0.5,-2.00606e-12,-0.968517,-0.248947
2.9,0.5,-2.01306e-12,-0.970958,-0.239249
2.91,0.5,-2.01994e-12,-0.973302,-0.229528
2.92,0.5,-2.02688e-12,-0.975549,-0.219784
2.93,0.5,-2.03376e-12,-0.977698,-0.210017
2.94,0.5,-2.0407e-12,-0.979749,-0.20023
2.95,0.5,-2.04758e-12,-0.981702,-0.190423
2.96,0.5,-2.05458e-12,-0.983557,-0.180596
2.97,0.5,-2.06152e-12,-0.985314,-0.170752
2.98,0.5,-2.06846e-12,-0.986972,-0.16089
2.99,0.5,-2.0754e-12,-0.988532,-0.151013
3,0.5,-2.08233e-12,-0.989992,-0.14112
3.01,0.5,-2.08927e-12,-0.991354,-0.131213
3.02,0.5,-2.09621e-12,-0.992617,-0.121293
3.03,0.5,-2.10321e-12,-0.99378,-0.111361
3.04,0.5,-2.1102e-12,-0.994844,-0.101418
3.05,0.5,-2.11714e-12,-0.995808,-0.0914646
3.06,0.5,-2.12408e-12,-0.996673,-0.0815022
3.07,0.5,-2.13107e-12,-0.997438,-0.0715315
3.08,0.5,-2.13801e-12,-0.998104,-0.0615537
3.09,0.5,-2.1449e-12,-0.998669,-0.0515698
3.1,0.5,-2.15189e-12,-0.999135,-0.0415807
3.11,0.5,-2.15883e-12,-0.999501,-0.0315874
3.12,0.5,-2.16577e-12,-0.999767,-0.021591
3.13,0.5,-2.17271e-12,-0.999933,-0.0115924
3.14,0.5,-2.1797e-12,-0.999999,-0.00159265
3.15,0.5,-2.18658e-12,-0.999965,0.00840725
3.16,0.5,-2.19352e-12,-0.999831,0.0184063
3.17,0.5,-2.20041e-12,-0.999597,0.0284035
3.18,0.5,-2.20729e-12,-0.999263,0.0383979
3.19,0.5,-2.21428e-12,-0.998829,0.0483884
3.2,0.5,-2.22122e-12,-0.998295,0.0583741
3.21,0.5,-2.22816e-12,-0.997661,0.068354
3.22,0.5,-2.23505e-12,-0.996928,0.078327
3.23,0.5,-2.24204e-12,-0.996095,0.0882922
3.24,0.5,-2.24892e-12,-0.995162,0.0982486
3.25,0.5,-2.25592e-12,-0.99413,0.108195
3.26,0.5,-2.26291e-12,-0.992998,0.118131
3.27,0.5,-2.2698e-12,-0.991767,0.128055
3.28,0.5,-2.27673e-12,-0.990437,0.137966
3.29,0.5,-2.28373e-12,-0.989008,0.147863
3.3,0.5,-2.29067e-12,-0.98748,0.157746
3.31,0.5,-2.29761e-12,-0.985853,0.167612
3.32,0.5,-2.30449e-12,-0.984128,0.177462
3.33,0.5,-2.31137e-12,-0.982304,0.187295
3.34,0.5,-2.31837e-12,-0.980382,0.197108
3.35,0.5,-2.32531e-12,-0.978362,0.206902
3.36,0.5,-2.33225e-12,-0.976244,0.216675
3.37,0.5,-2.33924e-12,-0.974028,0.226427
3.38,0.5,-2.34612e-12,-0.971715,0.236155
3.39,0.5,-2.35306e-12,-0.969305,0.245861
3.4,0.5,-2.36006e-12,-0.966798,0.255541
3.41,0.5,-2.367e-12,-0.964194,0.265196
3.42,0.5,-2.37405e-12,-0.961494,0.274825
3.43,0.5,-2.38087e-12,-0.958698,0.284426
3.44,0.5,-2.38781e-12,-0.955806,0.293998
3.45,0.5,-2.39475e-12,-0.952818,0.303542
3.46,0.5,-2.4018e-12,-0.949735,0.313054
3.47,0.5,-2.40874e-12,-0.946557,0.322536
3.48,0.5,-2.41573e-12,-0.943285,0.331985
3.49,0.5,-2.42267e-12,-0.939918,0.341401
3.5,0.5,-2.42956e-12,-0.936457,0.350783
3.51,0.5,-2.4365e-12,-0.932902,0.36013
3.52,0.5,-2.44349e-12,-0.929254,0.369441
3.53,0.5,-2.45037e-12,-0.925513,0.378715
3.54,0.5,-2.45737e-12,-0.92168,0.387951
3.55,0.5,-2.46425e-12,-0.917755,0.397148
3.56,0.5,-2.47125e-12,-0.913737,0.406306
3.57,0.5,-2.47818e-12,-0.909629,0.415423
3.58,0.5,-2.48512e-12,-0.905429,0.424498
3.59,0.5,-2.49212e-12,-0.901139,0.433531
3.6,0.5,-2.499e-12,-0.896758,0.44252
3.61,0.5,-2.506e-12,-0.892288,0.451466
3.62,0.5,-2.51293e-12,-0.887729,0.460366
3.63,0.5,-2.51982e-12,-0.883081,0.46922
3.64,0.5,-2.52676e-12,-0.878345,0.478027
3.65,0.5,-2.53375e-12,-0.873521,0.486787
3.66,0.5,-2.54075e-12,-0.868609,0.495497
3.67,0.5,-2.54774e-12,-0.863611,0.504159
3.68,0.5,-2.55473e-12,-0.858526,0.512769
3.69,0.5,-2.56162e-12,-0.853356,0.521329
3.7,0.5,-2.56861e-12,-0.8481,0.529836
3.71,0.5,-2.5755e-12,-0.842759,0.538291
3.72,0.5,-2.58249e-12,-0.837334,0.546691
3.73,0.5,-2.58948e-12,-0.831826,0.555037
3.74,0.5,-2.59642e-12,-0.826234,0.563327
3.75,0.5,-2.60336e-12,-0.820559,0.571561
3.76,0.5,-2.61025e-12,-0.814803,0.579738
3.77,0.5,-2.61718e-12,-0.808965,0.587857
3.78,0.5,-2.62412e-12,-0.803046,0.595917
3.79,0.5,-2.63106e-12,-0.797047,0.603918
3.8,0.5,-2.638e-12,-0.790968,0.611858
3.81,0.5,-2.645e-12,-0.78481,0.619737
3.82,0.5,-2.65199e-12,-0.778573,0.627554
3.83,0.5,-2.65898e-12,-0.772259,0.635308
3.84,0.5,-2.66598e-12,-0.765867,0.642999
3.85,0.5,-2.67286e-12,-0.759399,0.650625
3.86,0.5,-2.67986e-12,-0.752855,0.658186
3.87,0.5,-2.68674e-12,-0.746236,0.665682
3.88,0.5,-2.69373e-12,-0.739542,0.673111
3.89,0.5,-2.70073e-12,-0.732774,0.680473
3.9,0.5,-2.70761e-12,-0.725932,0.687766
3.91,0.5,-2.71455e-12,-0.719018,0.694991
3.92,0.5,-2.72149e-12,-0.712033,0.702146
3.93,0.5,-2.72837e-12,-0.704976,0.709231
3.94,0.5,-2.73531e-12,-0.697848,0.716246
3.95,0.5,-2.74225e-12,-0.690651,0.723188
3.96,0.5,-2.74908e-12,-0.683385,0.730058
3.97,0.5,-2.75602e-12,-0.67605,0.736856
3.98,0.5,-2.76301e-12,-0.668648,0.743579
3.99,0.5,-2.7699e-12,-0.661179,0.750228
4,0.5,-2.77683e-12,-0.653644,0.756802
4.01,0.5,-2.78383e-12,-0.646043,0.763301
4.02,0.5,-2.79077e-12,-0.638378,0.769723
4.03,0.5,-2.79776e-12,-0.630649,0.776068
4.04,0.5,-2.8047e-12,-0.622857,0.782336
4.05,0.5,-2.81164e-12,-0.615002,0.788525
4.06,0.5,-2.81858e-12,-0.607087,0.794636
4.07,0.5,-2.82552e-12,-0.59911,0.800667
4.08,0.5,-2.8324e-12,-0.591073,0.806618
4.09,0.5,-2.8394e-12,-0.582978,0.812488
4.1,0.5,-2.84628e-12,-0.574824,0.818277
4.11,0.5,-2.85327e-12,-0.566613,0.823984
4.12,0.5,-2.86027e-12,-0.558345,0.829609
4.13,0.5,-2.86715e-12,-0.550021,0.835151
4.14,0.5,-2.87415e-12,-0.541642,0.840609
4.15,0.5,-2.88108e-12,-0.533209,0.845984
4.16,0.5,-2.88802e-12,-0.524722,0.851273
4.17,0.5,-2.89502e-12,-0.516184,0.856478
4.18,0.5,-2.9019e-12,-0.507593,0.861597
4.19,0.5,-2.90884e-12,-0.498952,0.86663
4.2,0.5,-2.91578e-12,-0.490261,0.871576
4.21,0.5,-2.92277e-12,-0.481521,0.876435
4.22,0.5,-2.92971e-12,-0.472732,0.881206
4.23,0.5,-2.93665e-12,-0.463897,0.885889
4.24,0.5,-2.94365e-12,-0.455015,0.890484
4.25,0.5,-2.95064e-12,-0.446087,0.894989
4.26,0.5,-2.95758e-12,-0.437115,0.899405
4.27,0.5,-2.96452e-12,-0.4281,0.903732
4.28,0.5,-2.97151e-12,-0.419041,0.907967
4.29,0.5,-2.9784e-12,-0.409941,0.912112
4.3,0.5,-2.98539e-12,-0.400799,0.916166
4.31,0.5,-2.99227e-12,-0.391618,0.920128
4.32,0.5,-2.99921e-12,-0.382397,0.923998
4.33,0.5,-3.00615e-12,-0.373138,0.927776
4.34,0.5,-3.01303e-12,-0.363842,0.931461
4.35,0.5,-3.01997e-12,-0.354509,0.935053
4.36,0.5,-3.02691e-12,-0.345141,0.938551
4.37,0.5,-3.03391e-12,-0.335738,0.941955
4.38,0.5,-3.04085e-12,-0.326302,0.945266
4.39,0.5,-3.04784e-12,-0.316833,0.948481
4.4,0.5,-3.05478e-12,-0.307333,0.951602
4.41,0.5,-3.06172e-12,-0.297802,0.954628
4.42,0.5,-3.06866e-12,-0.288241,0.957558
4.43,0.5,-3.07565e-12,-0.278651,0.960392
4.44,0.5,-3.08253e-12,-0.269033,0.963131
4.45,0.5,-3.08947e-12,-0.259389,0.965773
4.46,0.5,-3.09641e-12,-0.249718,0.968319
4.47,0.5,-3.10341e-12,-0.240022,0.970767
4.48,0.5,-3.11035e-12,-0.230303,0.973119
4.49,0.5,-3.11728e-12,-0.22056,0.975373
4.5,0.5,-3.12428e-12,-0.210796,0.97753
4.51,0.5,-3.13116e-12,-0.20101,0.979589
4.52,0.5,-3.13816e-12,-0.191204,0.98155
4.53,0.5,-3.14521e-12,-0.181379,0.983413
4.54,0.5,-3.15209e-12,-0.171536,0.985178
4.55,0.5,-3.15897e-12,-0.161676,0.986844
4.56,0.5,-3.16591e-12,-0.1518,0.988411
4.57,0.5,-3.17285e-12,-0.141908,0.98988
4.58,0.5,-3.17985e-12,-0.132003,0.991249
4.59,0.5,-3.18678e-12,-0.122084,0.99252
4.6,0.5,-3.19372e-12,-0.112153,0.993691
4.61,0.5,-3.20072e-12,-0.10221,0.994763
4.62,0.5,-3.20766e-12,-0.0922576,0.995735
4.63,0.5,-3.2146e-12,-0.0822958,0.996608
4.64,0.5,-3.22159e-12,-0.0723258,0.997381
4.65,0.5,-3.22842e-12,-0.0623485,0.998054
4.66,0.5,-3.23536e-12,-0.052365,0.998628
4.67,0.5,-3.24235e-12,-0.0423763,0.999102
4.68,0.5,-3.24923e-12,-0.0323833,0.999476
4.69,0.5,-3.25628e-12,-0.0223871,0.999749
4.7,0.5,-3.26317e-12,-0.0123887,0.999923
4.71,0.5,-3.27011e-12,-0.00238898,0.999997
4.72,0.5,-3.27705e-12,0.00761095,0.999971
4.73,0.5,-3.28393e-12,0.0176101,0.999845
4.74,0.5,-3.29087e-12,0.0276075,0.999619
4.75,0.5,-3.29792e-12,0.0376022,0.999293
4.76,0.5,-3.30491e-12,0.047593,0.998867
4.77,0.5,-3.31185e-12,0.0575792,0.998341
4.78,0.5,-3.31885e-12,0.0675595,0.997715
4.79,0.5,-3.32578e-12,0.0775331,0.99699
4.8,0.5,-3.33272e-12,0.087499,0.996165
4.81,0.5,-3.33966e-12,0.0974561,0.99524
4.82,0.5,-3.34655e-12,0.107403,0.994216
4.83,0.5,-3.35348e-12,0.11734,0.993092
4.84,0.5,-3.36037e-12,0.127265,0.991869
4.85,0.5,-3.36736e-12,0.137177,0.990547
4.86,0.5,-3.3743e-12,0.147076,0.989125
4.87,0.5,-3.38124e-12,0.156959,0.987605
4.88,0.5,-3.38818e-12,0.166827,0.985986
4.89,0.5,-3.39512e-12,0.176679,0.984269
4.9,0.5,-3.40206e-12,0.186512,0.982453
4.91,0.5,-3.40905e-12,0.196327,0.980538
4.92,0.5,-3.41599e-12,0.206123,0.978526
4.93,0.5,-3.42293e-12,0.215898,0.976416
4.94,0.5,-3.42976e-12,0.225651,0.974208
4.95,0.5,-3.43675e-12,0.235381,0.971903
4.96,0.5,-3.44363e-12,0.245089,0.969501
4.97,0.5,-3.45057e-12,0.254771,0.967001
4.98,0.5,-3.45751e-12,0.264428,0.964405
4.99,0.5,-3.4644e-12,0.274059,0.961713
5,0.5,-3.47133e-12,0.283662,0.958924
5.01,0.5,-3.47822e-12,0.293237,0.95604
5.02,0.5,-3.48521e-12,0.302783,0.95306
5.03,0.5,-3.4921e-12,0.312298,0.949984
5.04,0.5,-3.49909e-12,0.321782,0.946814
5.05,0.5,-3.50608e-12,0.331234,0.943549
5.06,0.5,-3.51302e-12,0.340653,0.940189
5.07,0.5,-3.52002e-12,0.350037,0.936736
5.08,0.5,-3.52696e-12,0.359387,0.933189
5.09,0.5,-3.53384e-12,0.368701,0.929548
5.1,0.5,-3.54083e-12,0.377978,0.925815
5.11,0.5,-3.54777e-12,0.387217,0.921989
5.12,0.5,-3.55471e-12,0.396417,0.91807
5.13,0.5,-3.56165e-12,0.405578,0.91406
5.14,0.5,-3.56859e-12,0.414698,0.909959
5.15,0.5,-3.57558e-12,0.423777,0.905767
5.16,0.5,-3.58247e-12,0.432813,0.901484
5.17,0.5,-3.58941e-12,0.441806,0.897111
5.18,0.5,-3.59635e-12,0.450755,0.892648
5.19,0.5,-3.60334e-12,0.459659,0.888096
5.2,0.5,-3.61022e-12,0.468517,0.883455
5.21,0.5,-3.61716e-12,0.477328,0.878725
5.22,0.5,-3.6241e-12,0.486091,0.873908
5.23,0.5,-3.63104e-12,0.494806,0.869004
5.24,0.5,-3.63809e-12,0.503471,0.864012
5.25,0.5,-3.64497e-12,0.512085,0.858934
5.26,0.5,-3.65186e-12,0.520649,0.853771
5.27,0.5,-3.65885e-12,0.529161,0.848522
5.28,0.5,-3.66573e-12,0.537619,0.843188
5.29,0.5,-3.67273e-12,0.546024,0.837769
5.3,0.5,-3.67961e-12,0.554374,0.832267
5.31,0.5,-3.68666e-12,0.562669,0.826682
5.32,0.5,-3.6936e-12,0.570908,0.821014
5.33,0.5,-3.70048e-12,0.579089,0.815264
5.34,0.5,-3.70748e-12,0.587213,0.809433
5.35,0.5,-3.71442e-12,0.595278,0.80352
5.36,0.5,-3.72136e-12,0.603283,0.797527
5.37,0.5,-3.7283e-12,0.611228,0.791455
5.38,0.5,-3.73523e-12,0.619112,0.785303
5.39,0.5,-3.74212e-12,0.626934,0.779073
5.4,0.5,-3.74911e-12,0.634693,0.772764
5.41,0.5,-3.75611e-12,0.642389,0.766379
5.42,0.5,-3.7631e-12,0.65002,0.759917
5.43,0.5,-3.76998e-12,0.657587,0.753379
5.44,0.5,-3.77692e-12,0.665088,0.746765
5.45,0.5,-3.78386e-12,0.672522,0.740077
5.46,0.5,-3.79086e-12,0.679889,0.733315
5.47,0.5,-3.7978e-12,0.687188,0.72648
5.48,0.5,-3.80473e-12,0.694418,0.719572
5.49,0.5,-3.81162e-12,0.701579,0.712592
5.5,0.5,-3.8185e-12,0.70867,0.70554
5.51,0.5,-3.8255e-12,0.71569,0.698418
5.52,0.5,-3.83249e-12,0.722638,0.691227
5.53,0.5,-3.83943e-12,0.729514,0.683966
5.54,0.5,-3.84637e-12,0.736317,0.676637
5.55,0.5,-3.85336e-12,0.743046,0.66924
5.56,0.5,-3.8603e-12,0.749702,0.661776
5.57,0.5,-3.86724e-12,0.756282,0.654246
5.58,0.5,-3.87423e-12,0.762786,0.646651
5.59,0.5,-3.88117e-12,0.769215,0.638991
5.6,0.5,-3.88811e-12,0.775566,0.631267
5.61,0.5,-3.89511e-12,0.78184,0.62348
5.62,0.5,-3.90199e-12,0.788035,0.61563
5.63,0.5,-3.90893e-12,0.794152,0.607719
5.64,0.5,-3.91587e-12,0.800189,0.599747
5.65,0.5,-3.92292e-12,0.806147,0.591716
5.66,0.5,-3.92986e-12,0.812024,0.583625
5.67,0.5,-3.93685e-12,0.817819,0.575475
5.68,0.5,-3.94385e-12,0.823533,0.567269
5.69,0.5,-3.95073e-12,0.829164,0.559005
5.7,0.5,-3.95772e-12,0.834713,0.550686
5.71,0.5,-3.96472e-12,0.840178,0.542311
5.72,0.5,-3.97171e-12,0.845559,0.533882
5.73,0.5,-3.97865e-12,0.850855,0.5254
5.74,0.5,-3.98559e-12,0.856067,0.516865
5.75,0.5,-3.99253e-12,0.861192,0.508279
5.76,0.5,-3.99947e-12,0.866232,0.499642
5.77,0.5,-4.00635e-12,0.871185,0.490955
5.78,0.5,-4.01335e-12,0.876051,0.482218
5.79,0.5,-4.02028e-12,0.880829,0.473434
5.8,0.5,-4.02722e-12,0.88552,0.464602
5.81,0.5,-4.03416e-12,0.890121,0.455724
5.82,0.5,-4.0411e-12,0.894634,0.4468
5.83,0.5,-4.04804e-12,0.899057,0.437832
5.84,0.5,-4.05498e-12,0.90339,0.428819
5.85,0.5,-4.06197e-12,0.907633,0.419764
5.86,0.5,-4.06897e-12,0.911785,0.410667
5.87,0.5,-4.07591e-12,0.915846,0.401529
5.88,0.5,-4.0829e-12,0.919816,0.39235
5.89,0.5,-4.08978e-12,0.923693,0.383133
5.9,0.5,-4.09678e-12,0.927478,0.373877
5.91,0.5,-4.10372e-12,0.931171,0.364583
5.92,0.5,-4.11066e-12,0.93477,0.355254
5.93,0.5,-4.11748e-12,0.938276,0.345888
5.94,0.5,-4.12442e-12,0.941688,0.336488
5.95,0.5,-4.13142e-12,0.945005,0.327055
5.96,0.5,-4.13836e-12,0.948229,0.317589
5.97,0.5,-4.1453e-12,0.951357,0.308091
5.98,0.5,-4.15223e-12,0.95439,0.298562
5.99,0.5,-4.15923e-12,0.957328,0.289003
6,0.5,-4.16622e-12,0.96017,0.279415
6.01,0.5,-4.17311e-12,0.962916,0.2698
6.02,0.5,-4.1801e-12,0.965566,0.260157
6.03,0.5,-4.1871e-12,0.968119,0.250489
6.04,0.5,-4.19409e-12,0.970576,0.240795
6.05,0.5,-4.20097e-12,0.972935,0.231078
6.06,0.5,-4.20797e-12,0.975197,0.221337
6.07,0.5,-4.21496e-12,0.977362,0.211574
6.08,0.5,-4.2219e-12,0.979429,0.20179
6.09,0.5,-4.22884e-12,0.981398,0.191986
6.1,0.5,-4.23572e-12,0.983268,0.182163
6.11,0.5,-4.24266e-12,0.985041,0.172321
6.12,0.5,-4.2496e-12,0.986715,0.162462
6.13,0.5,-4.25654e-12,0.98829,0.152587
6.14,0.5,-4.26348e-12,0.989766,0.142697
6.15,0.5,-4.27036e-12,0.991144,0.132792
6.16,0.5,-4.27736e-12,0.992422,0.122874
6.17,0.5,-4.28424e-12,0.993601,0.112944
6.18,0.5,-4.29118e-12,0.994681,0.103002
6.19,0.5,-4.29817e-12,0.995661,0.0930505
6.2,0.5,-4.30511e-12,0.996542,0.0830894
6.21,0.5,-4.31205e-12,0.997323,0.07312
6.22,0.5,-4.31899e-12,0.998004,0.0631433
6.23,0.5,-4.32598e-12,0.998586,0.0531602
6.24,0.5,-4.33298e-12,0.999068,0.0431719
6.25,0.5,-4.33992e-12,0.999449,0.0331792
6.26,0.5,-4.34686e-12,0.999731,0.0231832
6.27,0.5,-4.35374e-12,0.999913,0.0131849
6.28,0.5,-4.36073e-12,0.999995,0.0031853
6.29,0.5,-4.36767e-12,0.999977,-0.00681464
6.3,0.5,-4.37467e-12,0.999859,-0.0168139
6.31,0.5,-4.38155e-12,0.999641,-0.0268115
6.32,0.5,-4.38855e-12,0.999322,-0.0368064
6.33,0.5,-4.39548e-12,0.998904,-0.0467976
6.34,0.5,-4.40242e-12,0.998386,-0.0567841
6.35,0.5,-4.40936e-12,0.997769,-0.066765
6.36,0.5,-4.41636e-12,0.997051,-0.0767392
6.37,0.5,-4.4233e-12,0.996234,-0.0867057
6.38,0.5,-4.43029e-12,0.995317,-0.0966635
6.39,0.5,-4.43723e-12,0.994301,-0.106612
6.4,0.5,-4.44411e-12,0.993185,-0.116549
6.41,0.5,-4.451e-12,0.99197,-0.126475
6.42,0.5,-4.45799e-12,0.990655,-0.136388
6.43,0.5,-4.46493e-12,0.989242,-0.146288
6.44,0.5,-4.47187e-12,0.98773,-0.156173
6.45,0.5,-4.47875e-12,0.986119,-0.166042
6.46,0.5,-4.48575e-12,0.984409,-0.175895
6.47,0.5,-4.49263e-12,0.982601,-0.18573
6.48,0.5,-4.49957e-12,0.980694,-0.195547
6.49,0.5,-4.50656e-12,0.97869,-0.205344
6.5,0.5,-4.5135e-12,0.976588,-0.21512
6.51,0.5,-4.52038e-12,0.974388,-0.224875
6.52,0.5,-4.52732e-12,0.97209,-0.234607
6.53,0.5,-4.53432e-12,0.969696,-0.244316
6.54,0.5,-4.54126e-12,0.967204,-0.254001
6.55,0.5,-4.54825e-12,0.964616,-0.26366
6.56,0.5,-4.55519e-12,0.961931,-0.273293
6.57,0.5,-4.56207e-12,0.95915,-0.282898
6.58,0.5,-4.56901e-12,0.956273,-0.292476
6.59,0.5,-4.57601e-12,0.9533,-0.302024
6.6,0.5,-4.58289e-12,0.950233,-0.311541
6.61,0.5,-4.58983e-12,0.94707,-0.321028
6.62,0.5,-4.59677e-12,0.943812,-0.330482
6.63,0.5,-4.60371e-12,0.94046,-0.339904
6.64,0.5,-4.61065e-12,0.937014,-0.349291
6.65,0.5,-4.61758e-12,0.933474,-0.358644
6.66,0.5,-4.62458e-12,0.929841,-0.367961
6.67,0.5,-4.63146e-12,0.926115,-0.37724
6.68,0.5,-4.6384e-12,0.922297,-0.386483
6.69,0.5,-4.64534e-12,0.918386,-0.395686
6.7,0.5,-4.65228e-12,0.914383,-0.40485
6.71,0.5,-4.65916e-12,0.910289,-0.413973
6.72,0.5,-4.66616e-12,0.906104,-0.423055
6.73,0.5,-4.6731e-12,0.901828,-0.432095
6.74,0.5,-4.68003e-12,0.897462,-0.441092
6.75,0.5,-4.68692e-12,0.893006,-0.450044
6.76,0.5,-4.69397e-12,0.888461,-0.458951
6.77,0.5,-4.70091e-12,0.883827,-0.467813
6.78,0.5,-4.70785e-12,0.879105,-0.476628
6.79,0.5,-4.71484e-12,0.874295,-0.485395
6.8,0.5,-4.72183e-12,0.869397,-0.494113
6.81,0.5,-4.72877e-12,0.864413,-0.502782
6.82,0.5,-4.73566e-12,0.859342,-0.511401
6.83,0.5,-4.74265e-12,0.854185,-0.519969
6.84,0.5,-4.74953e-12,0.848943,-0.528485
6.85,0.5,-4.75642e-12,0.843616,-0.536948
6.86,0.5,-4.76341e-12,0.838204,-0.545357
6.87,0.5,-4.77035e-12,0.832709,-0.553711
6.88,0.5,-4.77729e-12,0.82713,-0.562011
6.89,0.5,-4.78417e-12,0.821469,-0.570254
6.9,0.5,-4.79117e-12,0.815725,-0.57844
6.91,0.5,-4.79816e-12,0.8099,-0.586568
6.92,0.5,-4.80505e-12,0.803994,-0.594637
6.93,0.5,-4.81204e-12,0.798007,-0.602648
6.94,0.5,-4.81898e-12,0.791941,-0.610597
6.95,0.5,-4.82592e-12,0.785796,-0.618486
6.96,0.5,-4.83286e-12,0.779572,-0.626313
6.97,0.5,-4.83974e-12,0.77327,-0.634077
6.98,0.5,-4.84657e-12,0.76689,-0.641778
6.99,0.5,-4.85362e-12,0.760434,-0.649415
7,0.5,-4.86056e-12,0.753902,-0.656987
7.01,0.5,-4.8675e-12,0.747295,-0.664493
7.02,0.5,-4.87443e-12,0.740613,-0.671932
7.03,0.5,-4.88143e-12,0.733856,-0.679305
7.04,0.5,-4.88842e-12,0.727027,-0.686609
7.05,0.5,-4.89542e-12,0.720124,-0.693845
7.06,0.5,-4.9023e-12,0.71315,-0.701011
7.07,0.5,-4.90924e-12,0.706104,-0.708108
7.08,0.5,-4.91623e-12,0.698988,-0.715133
7.09,0.5,-4.92317e-12,0.691802,-0.722087
7.1,0.5,-4.93011e-12,0.684547,-0.728969
7.11,0.5,-4.93705e-12,0.677223,-0.735778
7.12,0.5,-4.94393e-12,0.669831,-0.742513
7.13,0.5,-4.95087e-12,0.662373,-0.749174
7.14,0.5,-4.95787e-12,0.654848,-0.755761
7.15,0.5,-4.96475e-12,0.647258,-0.762271
7.16,0.5,-4.97169e-12,0.639603,-0.768705
7.17,0.5,-4.97868e-12,0.631884,-0.775063
7.18,0.5,-4.98557e-12,0.624102,-0.781343
7.19,0.5,-4.99245e-12,0.616257,-0.787545
7.2,0.5,-4.9995e-12,0.608351,-0.793668
7.21,0.5,-5.00644e-12,0.600384,-0.799712
7.22,0.5,-5.01343e-12,0.592357,-0.805675
7.23,0.5,-5.02032e-12,0.584271,-0.811559
7.24,0.5,-5.0272e-12,0.576126,-0.817361
7.25,0.5,-5.03408e-12,0.567924,-0.823081
7.26,0.5,-5.04113e-12,0.559665,-0.828719
7.27,0.5,-5.04813e-12,0.55135,-0.834274
7.28,0.5,-5.05507e-12,0.54298,-0.839746
7.29,0.5,-5.06206e-12,0.534555,-0.845133
7.3,0.5,-5.069e-12,0.526078,-0.850437
7.31,0.5,-5.07594e-12,0.517547,-0.855655
7.32,0.5,-5.08288e-12,0.508965,-0.860787
7.33,0.5,-5.08976e-12,0.500332,-0.865834
7.34,0.5,-5.0967e-12,0.491648,-0.870794
7.35,0.5,-5.1037e-12,0.482916,-0.875667
7.36,0.5,-5.11058e-12,0.474135,-0.880452
7.37,0.5,-5.11752e-12,0.465307,-0.885149
7.38,0.5,-5.12451e-12,0.456433,-0.889758
7.39,0.5,-5.13145e-12,0.447512,-0.894278
7.4,0.5,-5.13833e-12,0.438547,-0.898708
7.41,0.5,-5.14533e-12,0.429538,-0.903049
7.42,0.5,-5.15227e-12,0.420487,-0.907299
7.43,0.5,-5.15926e-12,0.411393,-0.911458
7.44,0.5,-5.16626e-12,0.402258,-0.915526
7.45,0.5,-5.17325e-12,0.393083,-0.919503
7.46,0.5,-5.18019e-12,0.383868,-0.923388
7.47,0.5,-5.18718e-12,0.374615,-0.92718
7.48,0.5,-5.19418e-12,0.365325,-0.93088
7.49,0.5,-5.20106e-12,0.355998,-0.934487
7.5,0.5,-5.20806e-12,0.346635,-0.938
7.51,0.5,-5.21494e-12,0.337238,-0.941419
7.52,0.5,-5.22188e-12,0.327807,-0.944745
7.53,0.5,-5.22882e-12,0.318344,-0.947975
7.54,0.5,-5.23576e-12,0.308848,-0.951111
7.55,0.5,-5.24264e-12,0.299322,-0.954152
7.56,0.5,-5.24958e-12,0.289765,-0.957098
7.57,0.5,-5.25652e-12,0.28018,-0.959947
7.58,0.5,-5.2634e-12,0.270567,-0.962701
7.59,0.5,-5.27034e-12,0.260926,-0.965359
7.6,0.5,-5.27728e-12,0.25126,-0.96792
7.61,0.5,-5.28422e-12,0.241568,-0.970384
7.62,0.5,-5.29116e-12,0.231852,-0.972751
7.63,0.5,-5.2981e-12,0.222114,-0.975021
7.64,0.5,-5.30509e-12,0.212352,-0.977193
7.65,0.5,-5.31203e-12,0.20257,-0.979268
7.66,0.5,-5.31891e-12,0.192767,-0.981244
7.67,0.5,-5.3258e-12,0.182945,-0.983123
7.68,0.5,-5.33273e-12,0.173105,-0.984903
7.69,0.5,-5.33973e-12,0.163248,-0.986585
7.7,0.5,-5.34672e-12,0.153374,-0.988168
7.71,0.5,-5.35361e-12,0.143485,-0.989653
7.72,0.5,-5.36055e-12,0.133581,-0.991038
7.73,0.5,-5.36754e-12,0.123664,-0.992324
7.74,0.5,-5.37453e-12,0.113735,-0.993511
7.75,0.5,-5.38142e-12,0.103794,-0.994599
7.76,0.5,-5.38836e-12,0.0938433,-0.995587
7.77,0.5,-5.3953e-12,0.083883,-0.996476
7.78,0.5,-5.40218e-12,0.0739142,-0.997265
7.79,0.5,-5.40906e-12,0.063938,-0.997954
7.8,0.5,-5.41606e-12,0.0539554,-0.998543
7.81,0.5,-5.42294e-12,0.0439675,-0.999033
7.82,0.5,-5.42993e-12,0.0339751,-0.999423
7.83,0.5,-5.43693e-12,0.0239793,-0.999712
7.84,0.5,-5.44381e-12,0.0139812,-0.999902
7.85,0.5,-5.45075e-12,0.00398162,-0.999992
7.86,0.5,-5.45763e-12,-0.00601833,-0.999982
7.87,0.5,-5.46457e-12,-0.0160177,-0.999872
7.88,0.5,-5.47151e-12,-0.0260154,-0.999662
7.89,0.5,-5.47845e-12,-0.0360106,-0.999351
7.9,0.5,-5.48545e-12,-0.0460021,-0.998941
7.91,0.5,-5.49238e-12,-0.0559891,-0.998431
7.92,0.5,-5.49932e-12,-0.0659704,-0.997822
7.93,0.5,-5.50632e-12,-0.0759452,-0.997112
7.94,0.5,-5.5132e-12,-0.0859123,-0.996303
7.95,0.5,-5.52014e-12,-0.0958709,-0.995394
7.96,0.5,-5.52713e-12,-0.10582,-0.994385
7.97,0.5,-5.53407e-12,-0.115758,-0.993277
7.98,0.5,-5.54096e-12,-0.125685,-0.99207
7.99,0.5,-5.5479e-12,-0.135599,-0.990764
8,0.5,-5.55483e-12,-0.1455,-0.989358
8.01,0.5,-5.56177e-12,-0.155386,-0.987854
8.02,0.5,-5.56882e-12,-0.165257,-0.986251
8.03,0.5,-5.57576e-12,-0.175111,-0.984549
8.04,0.5,-5.58276e-12,-0.184947,-0.982748
8.05,0.5,-5.5897e-12,-0.194765,-0.98085
8.06,0.5,-5.59675e-12,-0.204564,-0.978853
8.07,0.5,-5.60363e-12,-0.214342,-0.976759
8.08,0.5,-5.61057e-12,-0.224099,-0.974566
8.09,0.5,-5.61745e-12,-0.233833,-0.972277
8.1,0.5,-5.62439e-12,-0.243544,-0.96989
8.11,0.5,-5.63138e-12,-0.253231,-0.967406
8.12,0.5,-5.63827e-12,-0.262892,-0.964825
8.13,0.5,-5.64521e-12,-0.272527,-0.962148
8.14,0.5,-5.65209e-12,-0.282135,-0.959375
8.15,0.5,-5.65903e-12,-0.291714,-0.956506
8.16,0.5,-5.66602e-12,-0.301264,-0.953541
8.17,0.5,-5.67302e-12,-0.310785,-0.95048
8.18,0.5,-5.6799e-12,-0.320274,-0.947325
8.19,0.5,-5.68684e-12,-0.329731,-0.944075
8.2,0.5,-5.69378e-12,-0.339155,-0.940731
8.21,0.5,-5.70072e-12,-0.348545,-0.937292
8.22,0.5,-5.7076e-12,-0.3579,-0.93376
8.23,0.5,-5.71454e-12,-0.36722,-0.930134
8.24,0.5,-5.72148e-12,-0.376503,-0.926415
8.25,0.5,-5.72836e-12,-0.385748,-0.922604
8.26,0.5,-5.7353e-12,-0.394955,-0.918701
8.27,0.5,-5.7423e-12,-0.404122,-0.914705
8.28,0.5,-5.74929e-12,-0.413248,-0.910618
8.29,0.5,-5.75617e-12,-0.422334,-0.90644
8.3,0.5,-5.76317e-12,-0.431377,-0.902172
8.31,0.5,-5.77011e-12,-0.440377,-0.897813
8.32,0.5,-5.7771e-12,-0.449333,-0.893364
8.33,0.5,-5.78404e-12,-0.458244,-0.888827
8.34,0.5,-5.79092e-12,-0.467109,-0.8842
8.35,0.5,-5.79797e-12,-0.475928,-0.879484
8.36,0.5,-5.80491e-12,-0.484698,-0.874681
8.37,0.5,-5.8118e-12,-0.493421,-0.869791
8.38,0.5,-5.81873e-12,-0.502094,-0.864813
8.39,0.5,-5.82567e-12,-0.510717,-0.859749
8.4,0.5,-5.83267e-12,-0.519289,-0.854599
8.41,0.5,-5.83966e-12,-0.527809,-0.849363
8.42,0.5,-5.84666e-12,-0.536276,-0.844043
8.43,0.5,-5.8536e-12,-0.544689,-0.838638
8.44,0.5,-5.86053e-12,-0.553048,-0.833149
8.45,0.5,-5.86753e-12,-0.561352,-0.827577
8.46,0.5,-5.87452e-12,-0.569599,-0.821922
8.47,0.5,-5.88141e-12,-0.57779,-0.816185
8.48,0.5,-5.8884e-12,-0.585923,-0.810367
8.49,0.5,-5.89534e-12,-0.593997,-0.804467
8.5,0.5,-5.90233e-12,-0.602012,-0.798487
8.51,0.5,-5.90927e-12,-0.609967,-0.792427
8.52,0.5,-5.91627e-12,-0.61786,-0.786288
8.53,0.5,-5.92315e-12,-0.625692,-0.78007
8.54,0.5,-5.93003e-12,-0.633461,-0.773774
8.55,0.5,-5.93703e-12,-0.641167,-0.767401
8.56,0.5,-5.94391e-12,-0.648809,-0.760951
8.57,0.5,-5.95085e-12,-0.656386,-0.754425
8.58,0.5,-5.95779e-12,-0.663897,-0.747824
8.59,0.5,-5.96467e-12,-0.671342,-0.741147
8.6,0.5,-5.97161e-12,-0.67872,-0.734397
8.61,0.5,-5.97855e-12,-0.68603,-0.727573
8.62,0.5,-5.98555e-12,-0.693271,-0.720677
8.63,0.5,-5.99254e-12,-0.700443,-0.713708
8.64,0.5,-5.99948e-12,-0.707545,-0.706668
8.65,0.5,-6.00642e-12,-0.714576,-0.699557
8.66,0.5,-6.0133e-12,-0.721536,-0.692377
8.67,0.5,-6.02024e-12,-0.728424,-0.685127
8.68,0.5,-6.02729e-12,-0.735238,-0.677809
8.69,0.5,-6.03417e-12,-0.74198,-0.670422
8.7,0.5,-6.04111e-12,-0.748647,-0.662969
8.71,0.5,-6.04805e-12,-0.755239,-0.65545
8.72,0.5,-6.05505e-12,-0.761755,-0.647865
8.73,0.5,-6.06204e-12,-0.768196,-0.640215
8.74,0.5,-6.06892e-12,-0.77456,-0.632501
8.75,0.5,-6.07581e-12,-0.780846,-0.624724
8.76,0.5,-6.0828e-12,-0.787054,-0.616884
8.77,0.5,-6.08968e-12,-0.793183,-0.608983
8.78,0.5,-6.09668e-12,-0.799233,-0.601021
8.79,0.5,-6.10356e-12,-0.805203,-0.592999
8.8,0.5,-6.1105e-12,-0.811093,-0.584917
8.81,0.5,-6.11744e-12,-0.816902,-0.576777
8.82,0.5,-6.12443e-12,-0.822628,-0.568579
8.83,0.5,-6.13143e-12,-0.828273,-0.560325
8.84,0.5,-6.13831e-12,-0.833835,-0.552014
8.85,0.5,-6.14531e-12,-0.839313,-0.543648
8.86,0.5,-6.15219e-12,-0.844707,-0.535228
8.87,0.5,-6.15918e-12,-0.850017,-0.526755
8.88,0.5,-6.16618e-12,-0.855242,-0.518228
8.89,0.5,-6.17306e-12,-0.860382,-0.50965
8.9,0.5,-6.18006e-12,-0.865435,-0.501021
8.91,0.5,-6.187e-12,-0.870402,-0.492342
8.92,0.5,-6.19393e-12,-0.875282,-0.483613
8.93,0.5,-6.20082e-12,-0.880074,-0.474836
8.94,0.5,-6.20776e-12,-0.884778,-0.466012
8.95,0.5,-6.2147e-12,-0.889394,-0.457141
8.96,0.5,-6.22169e-12,-0.893921,-0.448224
8.97,0.5,-6.22857e-12,-0.898359,-0.439263
8.98,0.5,-6.23546e-12,-0.902706,-0.430257
8.99,0.5,-6.24245e-12,-0.906964,-0.421209
9,0.5,-6.24945e-12,-0.91113,-0.412118
9.01,0.5,-6.25638e-12,-0.915206,-0.402987
9.02,0.5,-6.26338e-12,-0.91919,-0.393815
9.03,0.5,-6.27026e-12,-0.923082,-0.384603
9.04,0.5,-6.2772e-12,-0.926882,-0.375353
9.05,0.5,-6.28408e-12,-0.930589,-0.366066
9.06,0.5,-6.29102e-12,-0.934203,-0.356742
9.07,0.5,-6.29796e-12,-0.937724,-0.347382
9.08,0.5,-6.30496e-12,-0.941151,-0.337988
9.09,0.5,-6.3119e-12,-0.944483,-0.328559
9.1,0.5,-6.31883e-12,-0.947722,-0.319098
9.11,0.5,-6.32577e-12,-0.950865,-0.309605
9.12,0.5,-6.33277e-12,-0.953914,-0.300081
9.13,0.5,-6.33971e-12,-0.956867,-0.290527
9.14,0.5,-6.34665e-12,-0.959724,-0.280944
9.15,0.5,-6.35364e-12,-0.962485,-0.271333
9.16,0.5,-6.36058e-12,-0.965151,-0.261695
9.17,0.5,-6.36757e-12,-0.967719,-0.252031
9.18,0.5,-6.37451e-12,-0.970191,-0.242341
9.19,0.5,-6.38145e-12,-0.972566,-0.232627
9.2,0.5,-6.38833e-12,-0.974844,-0.22289
9.21,0.5,-6.39527e-12,-0.977024,-0.21313
9.22,0.5,-6.40221e-12,-0.979106,-0.20335
9.23,0.5,-6.40915e-12,-0.981091,-0.193549
9.24,0.5,-6.41609e-12,-0.982977,-0.183728
9.25,0.5,-6.42297e-12,-0.984765,-0.173889
9.26,0.5,-6.42997e-12,-0.986455,-0.164033
9.27,0.5,-6.43696e-12,-0.988046,-0.154161
9.28,0.5,-6.4439e-12,-0.989538,-0.144273
9.29,0.5,-6.45084e-12,-0.990931,-0.13437
9.3,0.5,-6.45778e-12,-0.992225,-0.124454
9.31,0.5,-6.46483e-12,-0.99342,-0.114526
9.32,0.5,-6.47171e-12,-0.994516,-0.104586
9.33,0.5,-6.4786e-12,-0.995512,-0.0946361
9.34,0.5,-6.48559e-12,-0.996409,-0.0846764
9.35,0.5,-6.49258e-12,-0.997205,-0.0747083
9.36,0.5,-6.49958e-12,-0.997903,-0.0647327
9.37,0.5,-6.50657e-12,-0.9985,-0.0547506
9.38,0.5,-6.51351e-12,-0.998998,-0.044763
9.39,0.5,-6.52051e-12,-0.999395,-0.034771
9.4,0.5,-6.52739e-12,-0.999693,-0.0247754
9.41,0.5,-6.53433e-12,-0.999891,-0.0147774
9.42,0.5,-6.54127e-12,-0.999989,-0.00477794
9.43,0.5,-6.54826e-12,-0.999986,0.00522201
9.44,0.5,-6.5552e-12,-0.999884,0.0152215
9.45,0.5,-6.5622e-12,-0.999682,0.0252194
9.46,0.5,-6.56913e-12,-0.99938,0.0352148
9.47,0.5,-6.57602e-12,-0.998978,0.0452066
9.48,0.5,-6.58296e-12,-0.998476,0.055194
9.49,0.5,-6.59001e-12,-0.997874,0.0651758
9.5,0.5,-6.59683e-12,-0.997172,0.0751511
9.51,0.5,-6.60383e-12,-0.996371,0.0851189
9.52,0.5,-6.61071e-12,-0.99547,0.0950782
9.53,0.5,-6.61771e-12,-0.994469,0.105028
9.54,0.5,-6.62459e-12,-0.993369,0.114967
9.55,0.5,-6.63164e-12,-0.99217,0.124895
9.56,0.5,-6.63852e-12,-0.990871,0.13481
9.57,0.5,-6.64552e-12,-0.989474,0.144712
9.58,0.5,-6.6524e-12,-0.987977,0.154599
9.59,0.5,-6.6594e-12,-0.986382,0.164471
9.6,0.5,-6.66628e-12,-0.984688,0.174327
9.61,0.5,-6.67322e-12,-0.982895,0.184165
9.62,0.5,-6.6801e-12,-0.981005,0.193984
9.63,0.5,-6.6871e-12,-0.979016,0.203785
9.64,0.5,-6.69398e-12,-0.976929,0.213564
9.65,0.5,-6.70086e-12,-0.974745,0.223323
9.66,0.5,-6.70786e-12,-0.972463,0.233059
9.67,0.5,-6.71474e-12,-0.970083,0.242772
9.68,0.5,-6.72162e-12,-0.967607,0.25246
9.69,0.5,-6.72856e-12,-0.965034,0.262124
9.7,0.5,-6.73561e-12,-0.962365,0.271761
9.71,0.5,-6.7425e-12,-0.959599,0.281371
9.72,0.5,-6.74943e-12,-0.956738,0.290952
9.73,0.5,-6.75637e-12,-0.95378,0.300505
9.74,0.5,-6.76337e-12,-0.950728,0.310028
9.75,0.5,-6.77025e-12,-0.94758,0.319519
9.76,0.5,-6.77719e-12,-0.944337,0.328979
9.77,0.5,-6.78418e-12,-0.941,0.338406
9.78,0.5,-6.79107e-12,-0.937569,0.347799
9.79,0.5,-6.79795e-12,-0.934044,0.357157
9.8,0.5,-6.80489e-12,-0.930426,0.366479
9.81,0.5,-6.81188e-12,-0.926715,0.375765
9.82,0.5,-6.81882e-12,-0.922911,0.385013
9.83,0.5,-6.82576e-12,-0.919015,0.394223
9.84,0.5,-6.83265e-12,-0.915027,0.403393
9.85,0.5,-6.83958e-12,-0.910947,0.412523
9.86,0.5,-6.84658e-12,-0.906776,0.421612
9.87,0.5,-6.85352e-12,-0.902515,0.430658
9.88,0.5,-6.86051e-12,-0.898163,0.439662
9.89,0.5,-6.8674e-12,-0.893722,0.448621
9.9,0.5,-6.87433e-12,-0.889191,0.457536
9.91,0.5,-6.88127e-12,-0.884571,0.466405
9.92,0.5,-6.88821e-12,-0.879863,0.475227
9.93,0.5,-6.89515e-12,-0.875067,0.484002
9.94,0.5,-6.90203e-12,-0.870183,0.492728
9.95,0.5,-6.90903e-12,-0.865213,0.501405
9.96,0.5,-6.91597e-12,-0.860155,0.510032
9.97,0.5,-6.92296e-12,-0.855012,0.518608
9.98,0.5,-6.9299e-12,-0.849783,0.527132
9.99,0.5,-6.9369e-12,-0.84447,0.535603
10,0.5,-6.94383e-12,-0.839072,0.544021
10,0.5,-6.94383e-12,-0.839072,0.544021
