time,energy,energy_error,angle,angular_velocity
0.00291417,2.87035,-4.44089e-16,0.785369,-0.020194
0.00582726,2.87035,-8.88178e-16,0.785281,-0.0403793
0.00873879,2.87035,-1.77636e-15,0.785134,-0.0605514
0.0116483,2.87035,-1.33227e-15,0.784928,-0.0807058
0.0145553,2.87035,-1.33227e-15,0.784664,-0.100838
0.0174593,2.87035,-1.77636e-15,0.784342,-0.120944
0.0203599,2.87035,-1.77636e-15,0.783962,-0.14102
0.0232567,2.87035,-1.77636e-15,0.783525,-0.16106
0.0261492,2.87035,-1.77636e-15,0.78303,-0.181061
0.029037,2.87035,-2.22045e-15,0.782478,-0.20102
0.0319196,2.87035,-3.55271e-15,0.78187,-0.220931
0.0347968,2.87035,-3.9968e-15,0.781206,-0.240792
0.037668,2.87035,-4.44089e-15,0.780486,-0.260598
0.040533,2.87035,-4.88498e-15,0.779711,-0.280346
0.0433913,2.87035,-4.44089e-15,0.778882,-0.300032
0.0462426,2.87035,-5.32907e-15,0.777998,-0.319652
0.0490866,2.87035,-5.77316e-15,0.777061,-0.339205
0.051923,2.87035,-6.21725e-15,0.776072,-0.358686
0.0547515,2.87035,-6.21725e-15,0.77503,-0.378092
0.0575718,2.87035,-5.77316e-15,0.773936,-0.397421
0.0603836,2.87035,-7.54952e-15,0.772791,-0.41667
0.0631866,2.87035,-7.54952e-15,0.771597,-0.435836
0.0659807,2.87035,-7.54952e-15,0.770352,-0.454917
0.0687656,2.87035,-7.54952e-15,0.769059,-0.47391
0.071541,2.87035,-8.88178e-15,0.767717,-0.492813
0.0743069,2.87035,-8.88178e-15,0.766328,-0.511625
0.077063,2.87035,-7.99361e-15,0.764892,-0.530342
0.0798092,2.87035,-7.54952e-15,0.76341,-0.548963
0.0825453,2.87035,-7.10543e-15,0.761883,-0.567487
0.0852711,2.87035,-7.10543e-15,0.760311,-0.585912
0.0879866,2.87035,-6.66134e-15,0.758695,-0.604236
0.0906917,2.87035,-7.10543e-15,0.757036,-0.622458
0.0933861,2.87035,-7.10543e-15,0.755334,-0.640576
0.0960699,2.87035,-7.54952e-15,0.753591,-0.65859
0.098743,2.87035,-7.99361e-15,0.751807,-0.676498
0.101405,2.87035,-8.88178e-15,0.749982,-0.694299
0.104057,2.87035,-8.43769e-15,0.748118,-0.711993
0.106697,2.87035,-8.88178e-15,0.746214,-0.729578
0.109327,2.87035,-7.99361e-15,0.744273,-0.747054
0.111945,2.87035,-7.99361e-15,0.742294,-0.76442
0.114553,2.87035,-7.99361e-15,0.740278,-0.781676
0.11715,2.87035,-9.32587e-15,0.738226,-0.79882
0.119735,2.87035,-9.32587e-15,0.736138,-0.815853
0.12231,2.87035,-1.02141e-14,0.734016,-0.832775
0.124874,2.87035,-1.15463e-14,0.73186,-0.849584
0.127426,2.87035,-1.11022e-14,0.72967,-0.866281
0.129968,2.87035,-1.28786e-14,0.727447,-0.882865
0.132499,2.87035,-1.28786e-14,0.725192,-0.899337
0.135019,2.87035,-1.28786e-14,0.722905,-0.915695
0.137528,2.87035,-1.37668e-14,0.720587,-0.931941
0.140026,2.87035,-1.28786e-14,0.718238,-0.948074
0.142513,2.87035,-1.28786e-14,0.71586,-0.964094
0.14499,2.87035,-1.37668e-14,0.713452,-0.980001
0.147456,2.87035,-1.33227e-14,0.711016,-0.995796
0.149912,2.87035,-1.42109e-14,0.708552,-1.01148
0.152357,2.87035,-1.46549e-14,0.70606,-1.02705
0.154792,2.87035,-1.55431e-14,0.70354,-1.04251
0.157216,2.87035,-1.5099e-14,0.700995,-1.05785
0.15963,2.87035,-1.5099e-14,0.698423,-1.07309
0.162033,2.87035,-1.5099e-14,0.695825,-1.08821
0.164426,2.87035,-1.55431e-14,0.693203,-1.10322
0.16681,2.87035,-1.5099e-14,0.690556,-1.11812
0.169183,2.87035,-1.5099e-14,0.687885,-1.13291
0.171546,2.87035,-1.55431e-14,0.68519,-1.14759
0.1739,2.87035,-1.55431e-14,0.682472,-1.16216
0.176243,2.87035,-1.59872e-14,0.679731,-1.17662
0.178577,2.87035,-1.68754e-14,0.676968,-1.19098
0.180902,2.87035,-1.64313e-14,0.674184,-1.20522
0.183216,2.87035,-1.73195e-14,0.671377,-1.21936
0.185522,2.87035,-1.59872e-14,0.66855,-1.23339
0.187818,2.87035,-1.64313e-14,0.665702,-1.24731
0.190104,2.87035,-1.55431e-14,0.662834,-1.26112
0.192382,2.87035,-1.59872e-14,0.659946,-1.27483
0.19465,2.87035,-1.59872e-14,0.657039,-1.28844
0.19691,2.87035,-1.73195e-14,0.654113,-1.30193
0.19916,2.87035,-1.82077e-14,0.651168,-1.31533
0.201402,2.87035,-1.90958e-14,0.648204,-1.32862
0.203635,2.87035,-1.86517e-14,0.645223,-1.3418
0.205859,2.87035,-1.90958e-14,0.642224,-1.35489
0.208075,2.87035,-1.90958e-14,0.639207,-1.36787
0.210282,2.87035,-1.82077e-14,0.636174,-1.38074
0.212481,2.87035,-1.82077e-14,0.633124,-1.39352
0.214671,2.87035,-1.86517e-14,0.630057,-1.40619
0.216854,2.87035,-1.90958e-14,0.626975,-1.41877
0.219028,2.87035,-1.86517e-14,0.623877,-1.43124
0.221194,2.87035,-1.86517e-14,0.620763,-1.44362
0.223352,2.87035,-1.90958e-14,0.617634,-1.45589
0.225502,2.87035,-1.86517e-14,0.614491,-1.46807
0.227645,2.87035,-1.86517e-14,0.611333,-1.48015
0.22978,2.87035,-1.82077e-14,0.60816,-1.49213
0.231907,2.87035,-1.82077e-14,0.604973,-1.50401
0.234026,2.87035,-1.90958e-14,0.601773,-1.5158
0.236139,2.87035,-1.90958e-14,0.598559,-1.52749
0.238243,2.87035,-1.9984e-14,0.595332,-1.53908
0.240341,2.87035,-1.90958e-14,0.592091,-1.55058
0.242431,2.87035,-1.9984e-14,0.588838,-1.56199
0.244514,2.87035,-1.90958e-14,0.585572,-1.5733
0.246591,2.87035,-1.90958e-14,0.582294,-1.58451
0.24866,2.87035,-1.86517e-14,0.579004,-1.59564
0.250722,2.87035,-1.82077e-14,0.575702,-1.60667
0.252777,2.87035,-1.90958e-14,0.572388,-1.61761
0.254826,2.87035,-1.9984e-14,0.569063,-1.62846
0.256868,2.87035,-2.04281e-14,0.565727,-1.63921
0.258904,2.87035,-1.9984e-14,0.562379,-1.64988
0.260933,2.87035,-1.9984e-14,0.559021,-1.66045
0.262956,2.87035,-1.9984e-14,0.555652,-1.67093
0.264972,2.87035,-1.9984e-14,0.552272,-1.68133
0.266982,2.87035,-2.08722e-14,0.548882,-1.69163
0.268986,2.87035,-2.08722e-14,0.545482,-1.70185
0.270983,2.87035,-2.08722e-14,0.542073,-1.71198
0.272975,2.87035,-1.9984e-14,0.538653,-1.72202
0.274961,2.87035,-2.08722e-14,0.535224,-1.73197
0.27694,2.87035,-2.08722e-14,0.531785,-1.74184
0.278914,2.87035,-2.04281e-14,0.528337,-1.75162
0.280882,2.87035,-1.9984e-14,0.52488,-1.76131
0.282845,2.87035,-1.9984e-14,0.521415,-1.77092
0.284801,2.87035,-1.9984e-14,0.51794,-1.78045
0.286752,2.87035,-1.9984e-14,0.514457,-1.78988
0.288698,2.87035,-1.9984e-14,0.510965,-1.79924
0.290638,2.87035,-1.9984e-14,0.507465,-1.80851
0.292573,2.87035,-2.08722e-14,0.503957,-1.81769
0.294503,2.87035,-2.04281e-14,0.500441,-1.82679
0.296427,2.87035,-1.9984e-14,0.496917,-1.83581
0.298346,2.87035,-1.95399e-14,0.493386,-1.84475
0.30026,2.87035,-1.9984e-14,0.489846,-1.8536
0.302169,2.87035,-1.9984e-14,0.486299,-1.86238
0.304073,2.87035,-2.08722e-14,0.482745,-1.87107
0.305972,2.87035,-2.08722e-14,0.479184,-1.87968
0.307866,2.87035,-2.04281e-14,0.475615,-1.88821
0.309755,2.87035,-2.17604e-14,0.47204,-1.89666
0.31164,2.87035,-2.26485e-14,0.468458,-1.90502
0.31352,2.87035,-2.17604e-14,0.464869,-1.91331
0.315395,2.87035,-2.17604e-14,0.461273,-1.92152
0.317266,2.87035,-2.35367e-14,0.457671,-1.92965
0.319132,2.87035,-2.35367e-14,0.454062,-1.9377
0.320994,2.87035,-2.26485e-14,0.450448,-1.94568
0.322851,2.87035,-2.30926e-14,0.446827,-1.95357
0.324704,2.87035,-2.26485e-14,0.443199,-1.96139
0.326553,2.87035,-2.17604e-14,0.439566,-1.96913
0.328397,2.87035,-2.30926e-14,0.435928,-1.97679
0.330237,2.87035,-2.35367e-14,0.432283,-1.98437
0.332073,2.87035,-2.35367e-14,0.428633,-1.99188
0.333905,2.87035,-2.35367e-14,0.424977,-1.99931
0.335733,2.87035,-2.39808e-14,0.421315,-2.00667
0.337557,2.87035,-2.44249e-14,0.417648,-2.01395
0.339377,2.87035,-2.39808e-14,0.413976,-2.02115
0.341193,2.87035,-2.53131e-14,0.410299,-2.02828
0.343006,2.87035,-2.44249e-14,0.406617,-2.03534
0.344814,2.87035,-2.53131e-14,0.402929,-2.04232
0.346619,2.87035,-2.62013e-14,0.399237,-2.04922
0.34842,2.87035,-2.66454e-14,0.39554,-2.05606
0.350218,2.87035,-2.70894e-14,0.391838,-2.06281
0.352012,2.87035,-2.84217e-14,0.388131,-2.0695
0.353802,2.87035,-2.88658e-14,0.38442,-2.07611
0.355589,2.87035,-2.9754e-14,0.380704,-2.08265
0.357373,2.87035,-2.93099e-14,0.376984,-2.08911
0.359153,2.87035,-2.88658e-14,0.373259,-2.0955
0.36093,2.87035,-2.84217e-14,0.36953,-2.10182
0.362703,2.87035,-2.75335e-14,0.365797,-2.10807
0.364474,2.87035,-2.70894e-14,0.36206,-2.11424
0.366241,2.87035,-2.70894e-14,0.358318,-2.12035
0.368005,2.87035,-2.70894e-14,0.354573,-2.12638
0.369765,2.87035,-2.70894e-14,0.350823,-2.13234
0.371523,2.87035,-2.70894e-14,0.34707,-2.13823
0.373278,2.87035,-2.75335e-14,0.343313,-2.14405
0.37503,2.87035,-2.70894e-14,0.339552,-2.1498
0.376778,2.87035,-2.70894e-14,0.335788,-2.15547
0.378524,2.87035,-2.75335e-14,0.332019,-2.16108
0.380267,2.87035,-2.79776e-14,0.328248,-2.16662
0.382008,2.87035,-2.88658e-14,0.324473,-2.17209
0.383745,2.87035,-2.9754e-14,0.320694,-2.17748
0.38548,2.87035,-2.88658e-14,0.316912,-2.18281
0.387212,2.87035,-2.88658e-14,0.313127,-2.18807
0.388941,2.87035,-2.79776e-14,0.309338,-2.19326
0.390668,2.87035,-2.79776e-14,0.305546,-2.19838
0.392392,2.87035,-2.75335e-14,0.301751,-2.20344
0.394114,2.87035,-2.84217e-14,0.297953,-2.20842
0.395833,2.87035,-2.88658e-14,0.294152,-2.21334
0.39755,2.87035,-2.93099e-14,0.290348,-2.21818
0.399265,2.87035,-3.06422e-14,0.286541,-2.22296
0.400977,2.87035,-3.06422e-14,0.282731,-2.22767
0.402686,2.87035,-3.01981e-14,0.278919,-2.23232
0.404394,2.87035,-3.06422e-14,0.275103,-2.23689
0.406099,2.87035,-3.10862e-14,0.271285,-2.2414
0.407802,2.87035,-2.9754e-14,0.267465,-2.24584
0.409503,2.87035,-3.01981e-14,0.263641,-2.25022
0.411201,2.87035,-2.93099e-14,0.259815,-2.25452
0.412898,2.87035,-2.88658e-14,0.255987,-2.25877
0.414592,2.87035,-2.70894e-14,0.252156,-2.26294
0.416285,2.87035,-2.79776e-14,0.248323,-2.26705
0.417975,2.87035,-2.79776e-14,0.244487,-2.27109
0.419664,2.87035,-2.93099e-14,0.240649,-2.27506
0.42135,2.87035,-2.84217e-14,0.236808,-2.27897
0.423035,2.87035,-2.9754e-14,0.232966,-2.28281
0.424718,2.87035,-2.93099e-14,0.229121,-2.28659
0.426399,2.87035,-2.93099e-14,0.225274,-2.2903
0.428078,2.87035,-2.84217e-14,0.221425,-2.29394
0.429755,2.87035,-2.93099e-14,0.217574,-2.29752
0.431431,2.87035,-2.93099e-14,0.213721,-2.30104
0.433105,2.87035,-2.9754e-14,0.209865,-2.30449
0.434778,2.87035,-2.93099e-14,0.206008,-2.30787
0.436449,2.87035,-2.93099e-14,0.202149,-2.31119
0.438118,2.87035,-3.01981e-14,0.198288,-2.31444
0.439786,2.87035,-2.93099e-14,0.194426,-2.31763
0.441452,2.87035,-2.9754e-14,0.190561,-2.32076
0.443117,2.87035,-2.93099e-14,0.186695,-2.32382
0.44478,2.87035,-2.88658e-14,0.182827,-2.32681
0.446442,2.87035,-2.93099e-14,0.178957,-2.32974
0.448103,2.87035,-2.9754e-14,0.175086,-2.33261
0.449762,2.87035,-2.9754e-14,0.171213,-2.33541
0.45142,2.87035,-2.79776e-14,0.167339,-2.33815
0.453077,2.87035,-2.84217e-14,0.163463,-2.34082
0.454733,2.87035,-2.79776e-14,0.159586,-2.34343
0.456387,2.87035,-2.79776e-14,0.155707,-2.34597
0.45804,2.87035,-2.75335e-14,0.151827,-2.34845
0.459692,2.87035,-2.70894e-14,0.147945,-2.35087
0.461343,2.87035,-2.57572e-14,0.144062,-2.35323
0.462993,2.87035,-2.4869e-14,0.140178,-2.35552
0.464642,2.87035,-2.66454e-14,0.136292,-2.35774
0.466289,2.87035,-2.57572e-14,0.132405,-2.35991
0.467936,2.87035,-2.53131e-14,0.128517,-2.362
0.469582,2.87035,-2.57572e-14,0.124628,-2.36404
0.471227,2.87035,-2.44249e-14,0.120738,-2.36601
0.472871,2.87035,-2.4869e-14,0.116847,-2.36792
0.474514,2.87035,-2.53131e-14,0.112954,-2.36977
0.476156,2.87035,-2.57572e-14,0.109061,-2.37155
0.477798,2.87035,-2.44249e-14,0.105166,-2.37327
0.479439,2.87035,-2.57572e-14,0.101271,-2.37493
0.481079,2.87035,-2.4869e-14,0.0973743,-2.37652
0.482718,2.87035,-2.53131e-14,0.0934769,-2.37805
0.484357,2.87035,-2.4869e-14,0.0895787,-2.37952
0.485995,2.87035,-2.39808e-14,0.0856797,-2.38093
0.487633,2.87035,-2.26485e-14,0.0817798,-2.38227
0.48927,2.87035,-2.22045e-14,0.0778792,-2.38355
0.490906,2.87035,-2.17604e-14,0.0739778,-2.38476
0.492542,2.87035,-2.26485e-14,0.0700757,-2.38592
0.494177,2.87035,-2.35367e-14,0.0661729,-2.38701
0.495812,2.87035,-2.35367e-14,0.0622695,-2.38804
0.497447,2.87035,-2.44249e-14,0.0583654,-2.389
0.499081,2.87035,-2.39808e-14,0.0544607,-2.38991
0.500714,2.87035,-2.44249e-14,0.0505555,-2.39075
0.502348,2.87035,-2.53131e-14,0.0466498,-2.39152
0.503981,2.87035,-2.4869e-14,0.0427435,-2.39224
0.505614,2.87035,-2.30926e-14,0.0388367,-2.39289
0.507247,2.87035,-2.30926e-14,0.0349296,-2.39348
0.508879,2.87035,-2.22045e-14,0.031022,-2.39401
0.510511,2.87035,-2.30926e-14,0.027114,-2.39447
0.512143,2.87035,-2.26485e-14,0.0232057,-2.39488
0.513775,2.87035,-2.17604e-14,0.019297,-2.39522
0.515407,2.87035,-2.22045e-14,0.0153881,-2.39549
0.517039,2.87035,-2.30926e-14,0.0114789,-2.39571
0.518671,2.87035,-2.26485e-14,0.00756941,-2.39586
0.520303,2.87035,-2.30926e-14,0.00365977,-2.39595
0.521934,2.87035,-2.26485e-14,-0.00025005,-2.39598
0.523566,2.87035,-2.22045e-14,-0.00416001,-2.39594
0.525198,2.87035,-2.08722e-14,-0.00807008,-2.39584
0.52683,2.87035,-1.9984e-14,-0.0119802,-2.39568
0.528463,2.87035,-1.90958e-14,-0.0158904,-2.39546
0.530095,2.87035,-1.95399e-14,-0.0198007,-2.39518
0.531728,2.87035,-1.9984e-14,-0.0237109,-2.39483
0.533361,2.87035,-1.86517e-14,-0.0276211,-2.39442
0.534994,2.87035,-1.90958e-14,-0.0315312,-2.39394
0.536627,2.87035,-1.86517e-14,-0.0354412,-2.39341
0.538261,2.87035,-1.68754e-14,-0.0393511,-2.39281
0.539895,2.87035,-1.59872e-14,-0.0432609,-2.39215
0.54153,2.87035,-1.5099e-14,-0.0471704,-2.39142
0.543165,2.87035,-1.46549e-14,-0.0510798,-2.39064
0.5448,2.87035,-1.46549e-14,-0.0549889,-2.38979
0.546436,2.87035,-1.37668e-14,-0.0588977,-2.38887
0.548073,2.87035,-1.33227e-14,-0.0628062,-2.3879
0.54971,2.87035,-1.15463e-14,-0.0667143,-2.38686
0.551347,2.87035,-1.24345e-14,-0.0706221,-2.38576
0.552985,2.87035,-1.24345e-14,-0.0745295,-2.3846
0.554624,2.87035,-1.24345e-14,-0.0784364,-2.38337
0.556264,2.87035,-1.19904e-14,-0.0823429,-2.38208
0.557904,2.87035,-1.28786e-14,-0.0862489,-2.38072
0.559545,2.87035,-1.33227e-14,-0.0901544,-2.37931
0.561187,2.87035,-1.11022e-14,-0.0940593,-2.37783
0.562829,2.87035,-1.19904e-14,-0.0979636,-2.37629
0.564472,2.87035,-1.28786e-14,-0.101867,-2.37468
0.566117,2.87035,-1.33227e-14,-0.10577,-2.37301
0.567762,2.87035,-1.46549e-14,-0.109673,-2.37128
0.569408,2.87035,-1.37668e-14,-0.113574,-2.36948
0.571055,2.87035,-1.42109e-14,-0.117475,-2.36762
0.572702,2.87035,-1.33227e-14,-0.121375,-2.36569
0.574351,2.87035,-1.46549e-14,-0.125274,-2.36371
0.576001,2.87035,-1.5099e-14,-0.129173,-2.36166
0.577652,2.87035,-1.42109e-14,-0.13307,-2.35954
0.579305,2.87035,-1.42109e-14,-0.136967,-2.35736
0.580958,2.87035,-1.42109e-14,-0.140862,-2.35512
0.582612,2.87035,-1.33227e-14,-0.144757,-2.35281
0.584268,2.87035,-1.33227e-14,-0.148651,-2.35044
0.585925,2.87035,-1.28786e-14,-0.152543,-2.348
0.587583,2.87035,-1.33227e-14,-0.156435,-2.3455
0.589243,2.87035,-1.24345e-14,-0.160325,-2.34294
0.590904,2.87035,-1.06581e-14,-0.164214,-2.34031
0.592566,2.87035,-1.15463e-14,-0.168102,-2.33761
0.59423,2.87035,-1.06581e-14,-0.171988,-2.33485
0.595895,2.87035,-1.02141e-14,-0.175874,-2.33203
0.597561,2.87035,-1.06581e-14,-0.179758,-2.32914
0.599229,2.87035,-1.06581e-14,-0.183641,-2.32619
0.600899,2.87035,-1.11022e-14,-0.187522,-2.32317
0.60257,2.87035,-1.24345e-14,-0.191402,-2.32008
0.604243,2.87035,-1.24345e-14,-0.19528,-2.31693
0.605917,2.87035,-1.24345e-14,-0.199157,-2.31372
0.607593,2.87035,-1.28786e-14,-0.203032,-2.31044
0.609271,2.87035,-1.37668e-14,-0.206906,-2.30709
0.610951,2.87035,-1.37668e-14,-0.210778,-2.30368
0.612632,2.87035,-1.42109e-14,-0.214648,-2.3002
0.614315,2.87035,-1.42109e-14,-0.218517,-2.29665
0.616,2.87035,-1.5099e-14,-0.222384,-2.29304
0.617687,2.87035,-1.42109e-14,-0.226249,-2.28937
0.619376,2.87035,-1.37668e-14,-0.230112,-2.28562
0.621067,2.87035,-1.46549e-14,-0.233974,-2.28181
0.62276,2.87035,-1.33227e-14,-0.237833,-2.27793
0.624454,2.87035,-1.37668e-14,-0.24169,-2.27399
0.626151,2.87035,-1.37668e-14,-0.245546,-2.26998
0.62785,2.87035,-1.33227e-14,-0.249399,-2.2659
0.629552,2.87035,-1.37668e-14,-0.25325,-2.26175
0.631255,2.87035,-1.33227e-14,-0.257099,-2.25754
0.632961,2.87035,-1.33227e-14,-0.260946,-2.25326
0.634668,2.87035,-1.37668e-14,-0.26479,-2.24891
0.636379,2.87035,-1.33227e-14,-0.268633,-2.24449
0.638091,2.87035,-1.33227e-14,-0.272472,-2.24001
0.639806,2.87035,-1.24345e-14,-0.27631,-2.23545
0.641523,2.87035,-1.24345e-14,-0.280145,-2.23083
0.643243,2.87035,-1.19904e-14,-0.283977,-2.22614
0.644965,2.87035,-1.28786e-14,-0.287807,-2.22138
0.64669,2.87035,-1.24345e-14,-0.291634,-2.21655
0.648417,2.87035,-1.24345e-14,-0.295459,-2.21165
0.650147,2.87035,-1.24345e-14,-0.299281,-2.20669
0.65188,2.87035,-1.19904e-14,-0.3031,-2.20165
0.653615,2.87035,-1.19904e-14,-0.306916,-2.19654
0.655353,2.87035,-1.19904e-14,-0.310729,-2.19137
0.657094,2.87035,-1.24345e-14,-0.314539,-2.18612
0.658838,2.87035,-1.33227e-14,-0.318346,-2.1808
0.660584,2.87035,-1.28786e-14,-0.32215,-2.17541
0.662334,2.87035,-1.33227e-14,-0.325951,-2.16995
0.664086,2.87035,-1.55431e-14,-0.329749,-2.16442
0.665841,2.87035,-1.5099e-14,-0.333544,-2.15882
0.6676,2.87035,-1.5099e-14,-0.337335,-2.15315
0.669361,2.87035,-1.28786e-14,-0.341122,-2.14741
0.671126,2.87035,-1.33227e-14,-0.344907,-2.14159
0.672894,2.87035,-1.37668e-14,-0.348687,-2.1357
0.674665,2.87035,-1.46549e-14,-0.352464,-2.12974
0.676439,2.87035,-1.46549e-14,-0.356238,-2.12371
0.678217,2.87035,-1.46549e-14,-0.360008,-2.1176
0.679997,2.87035,-1.37668e-14,-0.363773,-2.11142
0.681782,2.87035,-1.33227e-14,-0.367535,-2.10517
0.68357,2.87035,-1.28786e-14,-0.371293,-2.09884
0.685361,2.87035,-1.37668e-14,-0.375047,-2.09244
0.687156,2.87035,-1.33227e-14,-0.378797,-2.08597
0.688954,2.87035,-1.37668e-14,-0.382543,-2.07942
0.690756,2.87035,-1.37668e-14,-0.386284,-2.0728
0.692562,2.87035,-1.46549e-14,-0.390021,-2.0661
0.694372,2.87035,-1.37668e-14,-0.393754,-2.05933
0.696185,2.87035,-1.42109e-14,-0.397482,-2.05248
0.698002,2.87035,-1.42109e-14,-0.401205,-2.04555
0.699823,2.87035,-1.46549e-14,-0.404924,-2.03855
0.701648,2.87035,-1.42109e-14,-0.408638,-2.03148
0.703477,2.87035,-1.5099e-14,-0.412347,-2.02433
0.70531,2.87035,-1.5099e-14,-0.416051,-2.0171
0.707147,2.87035,-1.55431e-14,-0.41975,-2.00979
0.708989,2.87035,-1.46549e-14,-0.423444,-2.0024
0.710834,2.87035,-1.42109e-14,-0.427132,-1.99494
0.712684,2.87035,-1.5099e-14,-0.430815,-1.9874
0.714538,2.87035,-1.59872e-14,-0.434493,-1.97978
0.716397,2.87035,-1.59872e-14,-0.438165,-1.97209
0.718259,2.87035,-1.64313e-14,-0.441832,-1.96431
0.720127,2.87035,-1.64313e-14,-0.445493,-1.95645
0.721999,2.87035,-1.55431e-14,-0.449148,-1.94852
0.723875,2.87035,-1.55431e-14,-0.452797,-1.9405
0.725757,2.87035,-1.55431e-14,-0.45644,-1.93241
0.727643,2.87035,-1.55431e-14,-0.460076,-1.92423
0.729533,2.87035,-1.64313e-14,-0.463707,-1.91598
0.731429,2.87035,-1.64313e-14,-0.467331,-1.90764
0.733329,2.87035,-1.64313e-14,-0.470948,-1.89922
0.735235,2.87035,-1.64313e-14,-0.474559,-1.89071
0.737145,2.87035,-1.64313e-14,-0.478163,-1.88213
0.739061,2.87035,-1.64313e-14,-0.48176,-1.87346
0.740981,2.87035,-1.55431e-14,-0.48535,-1.86471
0.742907,2.87035,-1.55431e-14,-0.488933,-1.85587
0.744838,2.87035,-1.64313e-14,-0.492508,-1.84696
0.746775,2.87035,-1.64313e-14,-0.496076,-1.83795
0.748717,2.87035,-1.64313e-14,-0.499636,-1.82886
0.750664,2.87035,-1.64313e-14,-0.503189,-1.81969
0.752617,2.87035,-1.55431e-14,-0.506734,-1.81043
0.754576,2.87035,-1.55431e-14,-0.51027,-1.80109
0.75654,2.87035,-1.64313e-14,-0.513799,-1.79166
0.75851,2.87035,-1.64313e-14,-0.517319,-1.78214
0.760486,2.87035,-1.46549e-14,-0.520831,-1.77253
0.762467,2.87035,-1.59872e-14,-0.524334,-1.76284
0.764455,2.87035,-1.59872e-14,-0.527828,-1.75306
0.766449,2.87035,-1.64313e-14,-0.531313,-1.74319
0.768448,2.87035,-1.77636e-14,-0.534789,-1.73323
0.770454,2.87035,-1.73195e-14,-0.538255,-1.72318
0.772467,2.87035,-1.77636e-14,-0.541713,-1.71304
0.774485,2.87035,-1.82077e-14,-0.54516,-1.70281
0.77651,2.87035,-1.73195e-14,-0.548598,-1.69249
0.778541,2.87035,-1.64313e-14,-0.552025,-1.68208
0.780579,2.87035,-1.73195e-14,-0.555442,-1.67158
0.782624,2.87035,-1.64313e-14,-0.558849,-1.66099
0.784675,2.87035,-1.64313e-14,-0.562245,-1.6503
0.786733,2.87035,-1.68754e-14,-0.56563,-1.63952
0.788798,2.87035,-1.68754e-14,-0.569004,-1.62865
0.790869,2.87035,-1.55431e-14,-0.572367,-1.61768
0.792948,2.87035,-1.5099e-14,-0.575719,-1.60662
0.795034,2.87035,-1.46549e-14,-0.579058,-1.59546
0.797127,2.87035,-1.59872e-14,-0.582386,-1.5842
0.799228,2.87035,-1.55431e-14,-0.585701,-1.57285
0.801335,2.87035,-1.55431e-14,-0.589004,-1.56141
0.80345,2.87035,-1.46549e-14,-0.592295,-1.54986
0.805573,2.87035,-1.46549e-14,-0.595572,-1.53822
0.807703,2.87035,-1.33227e-14,-0.598836,-1.52648
0.809841,2.87035,-1.33227e-14,-0.602087,-1.51465
0.811986,2.87035,-1.37668e-14,-0.605324,-1.50271
0.81414,2.87035,-1.37668e-14,-0.608547,-1.49067
0.816301,2.87035,-1.46549e-14,-0.611756,-1.47854
0.818471,2.87035,-1.55431e-14,-0.61495,-1.4663
0.820648,2.87035,-1.46549e-14,-0.61813,-1.45396
0.822834,2.87035,-1.55431e-14,-0.621294,-1.44152
0.825028,2.87035,-1.42109e-14,-0.624443,-1.42898
0.82723,2.87035,-1.46549e-14,-0.627576,-1.41633
0.829441,2.87035,-1.5099e-14,-0.630693,-1.40358
0.83166,2.87035,-1.46549e-14,-0.633794,-1.39073
0.833888,2.87035,-1.33227e-14,-0.636878,-1.37777
0.836125,2.87035,-1.42109e-14,-0.639945,-1.36471
0.838371,2.87035,-1.5099e-14,-0.642995,-1.35154
0.840625,2.87035,-1.55431e-14,-0.646027,-1.33827
0.842889,2.87035,-1.59872e-14,-0.649041,-1.32489
0.845161,2.87035,-1.55431e-14,-0.652036,-1.3114
0.847443,2.87035,-1.5099e-14,-0.655013,-1.2978
0.849734,2.87035,-1.46549e-14,-0.65797,-1.2841
0.852034,2.87035,-1.46549e-14,-0.660908,-1.27029
0.854344,2.87035,-1.42109e-14,-0.663826,-1.25637
0.856663,2.87035,-1.46549e-14,-0.666724,-1.24234
0.858992,2.87035,-1.37668e-14,-0.6696,-1.2282
0.86133,2.87035,-1.37668e-14,-0.672456,-1.21395
0.863678,2.87035,-1.37668e-14,-0.67529,-1.19959
0.866036,2.87035,-1.37668e-14,-0.678101,-1.18512
0.868405,2.87035,-1.46549e-14,-0.680891,-1.17053
0.870783,2.87035,-1.46549e-14,-0.683657,-1.15584
0.873171,2.87035,-1.55431e-14,-0.686399,-1.14103
0.875569,2.87035,-1.55431e-14,-0.689118,-1.12611
0.877978,2.87035,-1.64313e-14,-0.691812,-1.11108
0.880397,2.87035,-1.59872e-14,-0.694482,-1.09593
0.882826,2.87035,-1.46549e-14,-0.697125,-1.08067
0.885266,2.87035,-1.5099e-14,-0.699743,-1.0653
0.887716,2.87035,-1.59872e-14,-0.702335,-1.04981
0.890177,2.87035,-1.55431e-14,-0.704899,-1.0342
0.892648,2.87035,-1.59872e-14,-0.707435,-1.01849
0.895131,2.87035,-1.64313e-14,-0.709944,-1.00265
0.897624,2.87035,-1.55431e-14,-0.712424,-0.986707
0.900127,2.87035,-1.68754e-14,-0.714874,-0.970645
0.902642,2.87035,-1.55431e-14,-0.717295,-0.954468
0.905168,2.87035,-1.5099e-14,-0.719685,-0.938176
0.907704,2.87035,-1.64313e-14,-0.722043,-0.921769
0.910251,2.87035,-1.64313e-14,-0.724371,-0.905248
0.91281,2.87035,-1.68754e-14,-0.726665,-0.888611
0.915379,2.87035,-1.55431e-14,-0.728927,-0.871861
0.91796,2.87035,-1.42109e-14,-0.731155,-0.854996
0.920551,2.87035,-1.33227e-14,-0.733349,-0.838017
0.923154,2.87035,-1.37668e-14,-0.735508,-0.820925
0.925767,2.87035,-1.33227e-14,-0.737631,-0.80372
0.928392,2.87035,-1.33227e-14,-0.739717,-0.786402
0.931027,2.87035,-1.5099e-14,-0.741767,-0.768972
0.933674,2.87035,-1.46549e-14,-0.743779,-0.751432
0.936331,2.87035,-1.46549e-14,-0.745752,-0.733781
0.938999,2.87035,-1.46549e-14,-0.747686,-0.71602
0.941678,2.87035,-1.5099e-14,-0.74958,-0.698151
0.944368,2.87035,-1.59872e-14,-0.751434,-0.680174
0.947068,2.87035,-1.73195e-14,-0.753246,-0.662091
0.949779,2.87035,-1.73195e-14,-0.755016,-0.643903
0.9525,2.87035,-1.77636e-14,-0.756744,-0.62561
0.955231,2.87035,-1.68754e-14,-0.758427,-0.607216
0.957973,2.87035,-1.86517e-14,-0.760067,-0.58872
0.960725,2.87035,-1.86517e-14,-0.761661,-0.570125
0.963486,2.87035,-1.77636e-14,-0.76321,-0.551433
0.966257,2.87035,-1.90958e-14,-0.764712,-0.532646
0.969038,2.87035,-1.95399e-14,-0.766167,-0.513765
0.971828,2.87035,-2.04281e-14,-0.767574,-0.494792
0.974627,2.87035,-2.04281e-14,-0.768932,-0.475731
0.977435,2.87035,-2.22045e-14,-0.770241,-0.456583
0.980252,2.87035,-2.22045e-14,-0.7715,-0.437351
0.983077,2.87035,-2.30926e-14,-0.772708,-0.418037
0.98591,2.87035,-2.35367e-14,-0.773865,-0.398645
0.98875,2.87035,-2.26485e-14,-0.77497,-0.379177
0.991598,2.87035,-2.39808e-14,-0.776022,-0.359637
0.994454,2.87035,-2.44249e-14,-0.777021,-0.340027
0.997316,2.87035,-2.44249e-14,-0.777966,-0.320351
1.00018,2.87035,-2.4869e-14,-0.778856,-0.300613
1.00306,2.87035,-2.57572e-14,-0.779692,-0.280815
1.00594,2.87035,-2.70894e-14,-0.780472,-0.260962
1.00882,2.87035,-2.62013e-14,-0.781197,-0.241058
1.01172,2.87035,-2.79776e-14,-0.781864,-0.221106
1.01461,2.87035,-2.84217e-14,-0.782476,-0.201109
1.01751,2.87035,-2.84217e-14,-0.78303,-0.181074
1.02041,2.87035,-2.88658e-14,-0.783526,-0.161002
1.02332,2.87035,-2.88658e-14,-0.783965,-0.1409
1.02623,2.87035,-2.9754e-14,-0.784345,-0.12077
1.02914,2.87035,-2.93099e-14,-0.784667,-0.100618
1.03205,2.87035,-3.06422e-14,-0.784931,-0.0804478
1.03496,2.87035,-3.06422e-14,-0.785136,-0.0602638
1.03788,2.87035,-3.06422e-14,-0.785282,-0.0400705
1.04079,2.87035,-3.06422e-14,-0.78537,-0.0198726
1.04371,2.87035,-3.01981e-14,-0.785398,0.000325637
1.04662,2.87035,-3.01981e-14,-0.785368,0.0205195
1.04953,2.87035,-3.19744e-14,-0.785279,0.0407046
1.05245,2.87035,-3.15303e-14,-0.785131,0.0608765
1.05536,2.87035,-3.33067e-14,-0.784924,0.0810306
1.05826,2.87035,-3.28626e-14,-0.784659,0.101163
1.06117,2.87035,-3.33067e-14,-0.784337,0.121268
1.06407,2.87035,-3.4639e-14,-0.783956,0.141343
1.06696,2.87035,-3.33067e-14,-0.783517,0.161383
1.06986,2.87035,-3.5083e-14,-0.783021,0.181384
1.07274,2.87035,-3.4639e-14,-0.782469,0.201341
1.07563,2.87035,-3.55271e-14,-0.78186,0.221252
1.0785,2.87035,-3.59712e-14,-0.781195,0.241112
1.08137,2.87035,-3.68594e-14,-0.780474,0.260917
1.08424,2.87035,-3.73035e-14,-0.779698,0.280663
1.0871,2.87035,-3.73035e-14,-0.778868,0.300348
1.08995,2.87035,-3.73035e-14,-0.777984,0.319968
1.09279,2.87035,-3.81917e-14,-0.777046,0.33952
1.09563,2.87035,-3.73035e-14,-0.776055,0.358999
1.09846,2.87035,-3.86358e-14,-0.775012,0.378405
1.10128,2.87035,-3.73035e-14,-0.773918,0.397732
1.10409,2.87035,-3.86358e-14,-0.772773,0.41698
1.10689,2.87035,-3.90799e-14,-0.771577,0.436145
1.10969,2.87035,-3.86358e-14,-0.770332,0.455224
1.11247,2.87035,-3.86358e-14,-0.769038,0.474216
1.11525,2.87035,-3.95239e-14,-0.767695,0.493117
1.11801,2.87035,-4.04121e-14,-0.766305,0.511927
1.12077,2.87035,-3.95239e-14,-0.764869,0.530643
1.12351,2.87035,-3.95239e-14,-0.763386,0.549263
1.12625,2.87035,-3.90799e-14,-0.761858,0.567785
1.12898,2.87035,-3.95239e-14,-0.760285,0.586208
1.13169,2.87035,-3.86358e-14,-0.758669,0.604531
1.1344,2.87035,-3.9968e-14,-0.757009,0.622751
1.13709,2.87035,-4.04121e-14,-0.755307,0.640867
1.13977,2.87035,-4.13003e-14,-0.753563,0.65888
1.14245,2.87035,-4.04121e-14,-0.751777,0.676786
1.14511,2.87035,-4.21885e-14,-0.749952,0.694585
1.14776,2.87035,-4.17444e-14,-0.748087,0.712277
1.1504,2.87035,-4.17444e-14,-0.746183,0.729861
1.15303,2.87035,-4.08562e-14,-0.744241,0.747335
1.15565,2.87035,-4.17444e-14,-0.742262,0.764699
1.15825,2.87035,-4.08562e-14,-0.740245,0.781953
1.16085,2.87035,-4.08562e-14,-0.738193,0.799096
1.16344,2.87035,-4.21885e-14,-0.736105,0.816127
1.16601,2.87035,-4.21885e-14,-0.733982,0.833047
1.16857,2.87035,-4.21885e-14,-0.731825,0.849854
1.17113,2.87035,-4.30767e-14,-0.729634,0.866549
1.17367,2.87035,-4.30767e-14,-0.727411,0.883131
1.1762,2.87035,-4.39648e-14,-0.725155,0.899601
1.17872,2.87035,-4.39648e-14,-0.722868,0.915958
1.18123,2.87035,-4.35207e-14,-0.720549,0.932202
1.18373,2.87035,-4.4853e-14,-0.7182,0.948333
1.18621,2.87035,-4.35207e-14,-0.715821,0.964351
1.18869,2.87035,-4.30767e-14,-0.713413,0.980257
1.19116,2.87035,-4.39648e-14,-0.710977,0.99605
1.19361,2.87035,-4.39648e-14,-0.708512,1.01173
1.19606,2.87035,-4.30767e-14,-0.706019,1.0273
1.19849,2.87035,-4.30767e-14,-0.703499,1.04275
1.20091,2.87035,-4.39648e-14,-0.700953,1.0581
1.20333,2.87035,-4.35207e-14,-0.698381,1.07333
1.20573,2.87035,-4.30767e-14,-0.695783,1.08845
1.20812,2.87035,-4.30767e-14,-0.69316,1.10346
1.21051,2.87035,-4.30767e-14,-0.690513,1.11836
1.21288,2.87035,-4.21885e-14,-0.687841,1.13315
1.21524,2.87035,-4.21885e-14,-0.685146,1.14783
1.2176,2.87035,-4.26326e-14,-0.682428,1.1624
1.21994,2.87035,-4.30767e-14,-0.679687,1.17686
1.22227,2.87035,-4.17444e-14,-0.676924,1.19121
1.2246,2.87035,-4.26326e-14,-0.674138,1.20545
1.22691,2.87035,-4.26326e-14,-0.671332,1.21958
1.22922,2.87035,-4.21885e-14,-0.668504,1.23361
1.23151,2.87035,-4.13003e-14,-0.665656,1.24753
1.2338,2.87035,-4.13003e-14,-0.662788,1.26135
1.23608,2.87035,-4.21885e-14,-0.6599,1.27505
1.23835,2.87035,-4.17444e-14,-0.656992,1.28866
1.24061,2.87035,-4.13003e-14,-0.654065,1.30215
1.24286,2.87035,-3.9968e-14,-0.65112,1.31554
1.2451,2.87035,-4.08562e-14,-0.648156,1.32883
1.24733,2.87035,-4.13003e-14,-0.645175,1.34202
1.24955,2.87035,-4.04121e-14,-0.642175,1.3551
1.25177,2.87035,-4.17444e-14,-0.639159,1.36807
1.25398,2.87035,-4.21885e-14,-0.636125,1.38095
1.25618,2.87035,-4.21885e-14,-0.633075,1.39372
1.25837,2.87035,-4.13003e-14,-0.630008,1.4064
1.26055,2.87035,-4.17444e-14,-0.626925,1.41897
1.26272,2.87035,-4.21885e-14,-0.623827,1.43144
1.26489,2.87035,-4.21885e-14,-0.620713,1.44382
1.26705,2.87035,-4.21885e-14,-0.617584,1.45609
1.2692,2.87035,-4.13003e-14,-0.61444,1.46826
1.27134,2.87035,-4.13003e-14,-0.611281,1.48034
1.27347,2.87035,-4.13003e-14,-0.608109,1.49232
1.2756,2.87035,-4.04121e-14,-0.604922,1.5042
1.27772,2.87035,-4.04121e-14,-0.601721,1.51599
1.27983,2.87035,-4.13003e-14,-0.598507,1.52767
1.28194,2.87035,-4.08562e-14,-0.595279,1.53927
1.28403,2.87035,-4.04121e-14,-0.592039,1.55077
1.28612,2.87035,-4.08562e-14,-0.588786,1.56217
1.28821,2.87035,-4.04121e-14,-0.58552,1.57348
1.29028,2.87035,-4.13003e-14,-0.582241,1.58469
1.29235,2.87035,-4.13003e-14,-0.578951,1.59582
1.29442,2.87035,-4.13003e-14,-0.575649,1.60685
1.29647,2.87035,-4.21885e-14,-0.572335,1.61778
1.29852,2.87035,-4.21885e-14,-0.569009,1.62863
1.30056,2.87035,-4.17444e-14,-0.565673,1.63938
1.3026,2.87035,-4.13003e-14,-0.562325,1.65005
1.30463,2.87035,-4.13003e-14,-0.558967,1.66062
1.30665,2.87035,-4.21885e-14,-0.555597,1.6711
1.30866,2.87035,-4.21885e-14,-0.552218,1.6815
1.31067,2.87035,-4.21885e-14,-0.548828,1.6918
1.31268,2.87035,-4.21885e-14,-0.545427,1.70202
1.31468,2.87035,-4.08562e-14,-0.542017,1.71214
1.31667,2.87035,-4.13003e-14,-0.538598,1.72218
1.31865,2.87035,-4.13003e-14,-0.535168,1.73213
1.32063,2.87035,-4.17444e-14,-0.53173,1.742
1.32261,2.87035,-4.08562e-14,-0.528282,1.75178
1.32457,2.87035,-4.08562e-14,-0.524825,1.76147
1.32654,2.87035,-4.04121e-14,-0.521359,1.77108
1.32849,2.87035,-3.95239e-14,-0.517884,1.7806
1.33044,2.87035,-3.9968e-14,-0.514401,1.79004
1.33239,2.87035,-4.04121e-14,-0.510909,1.79939
1.33433,2.87035,-3.95239e-14,-0.507409,1.80866
1.33626,2.87035,-3.95239e-14,-0.503901,1.81784
1.33819,2.87035,-3.9968e-14,-0.500384,1.82694
1.34012,2.87035,-4.04121e-14,-0.49686,1.83596
1.34204,2.87035,-4.04121e-14,-0.493329,1.84489
1.34395,2.87035,-4.04121e-14,-0.489789,1.85375
1.34586,2.87035,-4.04121e-14,-0.486242,1.86252
1.34776,2.87035,-3.95239e-14,-0.482688,1.87121
1.34966,2.87035,-4.13003e-14,-0.479126,1.87982
1.35156,2.87035,-4.13003e-14,-0.475558,1.88834
1.35345,2.87035,-4.04121e-14,-0.471982,1.89679
1.35533,2.87035,-4.08562e-14,-0.4684,1.90516
1.35721,2.87035,-3.95239e-14,-0.464811,1.91345
1.35909,2.87035,-4.04121e-14,-0.461215,1.92165
1.36096,2.87035,-4.04121e-14,-0.457613,1.92978
1.36282,2.87035,-4.04121e-14,-0.454004,1.93783
1.36468,2.87035,-4.04121e-14,-0.450389,1.9458
1.36654,2.87035,-4.13003e-14,-0.446768,1.9537
1.36839,2.87035,-4.04121e-14,-0.443141,1.96151
1.37024,2.87035,-4.13003e-14,-0.439508,1.96925
1.37209,2.87035,-4.21885e-14,-0.435869,1.97691
1.37393,2.87035,-4.17444e-14,-0.432224,1.98449
1.37576,2.87035,-4.17444e-14,-0.428574,1.992
1.37759,2.87035,-4.17444e-14,-0.424918,1.99943
1.37942,2.87035,-4.21885e-14,-0.421256,2.00679
1.38125,2.87035,-4.13003e-14,-0.417589,2.01407
1.38307,2.87035,-4.13003e-14,-0.413917,2.02127
1.38488,2.87035,-4.21885e-14,-0.41024,2.0284
1.38669,2.87035,-4.04121e-14,-0.406557,2.03545
1.3885,2.87035,-4.13003e-14,-0.40287,2.04243
1.39031,2.87035,-4.21885e-14,-0.399177,2.04934
1.39211,2.87035,-4.26326e-14,-0.39548,2.05617
1.39391,2.87035,-4.13003e-14,-0.391778,2.06292
1.3957,2.87035,-4.13003e-14,-0.388071,2.0696
1.39749,2.87035,-4.13003e-14,-0.38436,2.07621
1.39928,2.87035,-4.04121e-14,-0.380644,2.08275
1.40106,2.87035,-4.21885e-14,-0.376924,2.08921
1.40284,2.87035,-4.13003e-14,-0.373199,2.0956
1.40462,2.87035,-4.17444e-14,-0.36947,2.10192
1.40639,2.87035,-4.30767e-14,-0.365737,2.10817
1.40816,2.87035,-4.39648e-14,-0.361999,2.11434
1.40993,2.87035,-4.39648e-14,-0.358258,2.12044
1.41169,2.87035,-4.30767e-14,-0.354512,2.12648
1.41345,2.87035,-4.39648e-14,-0.350763,2.13244
1.41521,2.87035,-4.44089e-14,-0.34701,2.13832
1.41697,2.87035,-4.70735e-14,-0.343252,2.14414
1.41872,2.87035,-4.61853e-14,-0.339491,2.14989
1.42047,2.87035,-4.4853e-14,-0.335727,2.15557
1.42221,2.87035,-4.57412e-14,-0.331959,2.16117
1.42396,2.87035,-4.4853e-14,-0.328187,2.16671
1.4257,2.87035,-4.57412e-14,-0.324412,2.17217
1.42743,2.87035,-4.57412e-14,-0.320633,2.17757
1.42917,2.87035,-4.66294e-14,-0.316851,2.1829
1.4309,2.87035,-4.70735e-14,-0.313065,2.18816
1.43263,2.87035,-4.70735e-14,-0.309277,2.19335
1.43436,2.87035,-4.79616e-14,-0.305485,2.19847
1.43608,2.87035,-4.84057e-14,-0.30169,2.20352
1.4378,2.87035,-4.70735e-14,-0.297892,2.2085
1.43952,2.87035,-4.52971e-14,-0.294091,2.21341
1.44124,2.87035,-4.61853e-14,-0.290287,2.21826
1.44295,2.87035,-4.52971e-14,-0.28648,2.22304
1.44466,2.87035,-4.61853e-14,-0.28267,2.22775
1.44637,2.87035,-4.61853e-14,-0.278857,2.23239
1.44808,2.87035,-4.57412e-14,-0.275042,2.23697
1.44979,2.87035,-4.35207e-14,-0.271224,2.24147
1.45149,2.87035,-4.44089e-14,-0.267403,2.24591
1.45319,2.87035,-4.35207e-14,-0.26358,2.25029
1.45489,2.87035,-4.30767e-14,-0.259754,2.25459
1.45659,2.87035,-4.35207e-14,-0.255925,2.25883
1.45828,2.87035,-4.30767e-14,-0.252094,2.26301
1.45997,2.87035,-4.35207e-14,-0.248261,2.26711
1.46166,2.87035,-4.39648e-14,-0.244425,2.27115
1.46335,2.87035,-4.30767e-14,-0.240587,2.27513
1.46504,2.87035,-4.26326e-14,-0.236746,2.27903
1.46672,2.87035,-4.26326e-14,-0.232904,2.28287
1.4684,2.87035,-4.26326e-14,-0.229059,2.28665
1.47009,2.87035,-4.35207e-14,-0.225212,2.29036
1.47176,2.87035,-4.26326e-14,-0.221363,2.294
1.47344,2.87035,-4.26326e-14,-0.217512,2.29758
1.47512,2.87035,-4.21885e-14,-0.213658,2.30109
1.47679,2.87035,-4.21885e-14,-0.209803,2.30454
1.47846,2.87035,-4.21885e-14,-0.205946,2.30793
1.48014,2.87035,-4.21885e-14,-0.202087,2.31124
1.48181,2.87035,-4.13003e-14,-0.198226,2.3145
1.48347,2.87035,-4.04121e-14,-0.194363,2.31768
1.48514,2.87035,-4.04121e-14,-0.190499,2.32081
1.4868,2.87035,-4.04121e-14,-0.186633,2.32386
1.48847,2.87035,-4.08562e-14,-0.182765,2.32686
1.49013,2.87035,-4.21885e-14,-0.178895,2.32979
1.49179,2.87035,-4.30767e-14,-0.175024,2.33265
1.49345,2.87035,-4.13003e-14,-0.171151,2.33545
1.49511,2.87035,-4.21885e-14,-0.167277,2.33819
1.49676,2.87035,-4.08562e-14,-0.163401,2.34086
1.49842,2.87035,-4.17444e-14,-0.159523,2.34347
1.50007,2.87035,-4.04121e-14,-0.155644,2.34601
1.50173,2.87035,-3.9968e-14,-0.151764,2.34849
1.50338,2.87035,-4.08562e-14,-0.147882,2.35091
1.50503,2.87035,-4.17444e-14,-0.143999,2.35326
1.50668,2.87035,-4.13003e-14,-0.140115,2.35555
1.50833,2.87035,-4.17444e-14,-0.13623,2.35778
1.50998,2.87035,-4.26326e-14,-0.132343,2.35994
1.51162,2.87035,-4.26326e-14,-0.128455,2.36204
1.51327,2.87035,-4.30767e-14,-0.124566,2.36407
1.51491,2.87035,-4.30767e-14,-0.120675,2.36604
1.51656,2.87035,-4.39648e-14,-0.116784,2.36795
1.5182,2.87035,-4.39648e-14,-0.112891,2.3698
1.51984,2.87035,-4.39648e-14,-0.108998,2.37158
1.52148,2.87035,-4.39648e-14,-0.105103,2.3733
1.52313,2.87035,-4.26326e-14,-0.101208,2.37495
1.52477,2.87035,-4.17444e-14,-0.0973114,2.37655
1.5264,2.87035,-4.17444e-14,-0.0934141,2.37808
1.52804,2.87035,-4.13003e-14,-0.0895159,2.37954
1.52968,2.87035,-3.95239e-14,-0.0856168,2.38095
1.53132,2.87035,-3.95239e-14,-0.081717,2.38229
1.53296,2.87035,-3.86358e-14,-0.0778163,2.38357
1.53459,2.87035,-3.90799e-14,-0.0739149,2.38478
1.53623,2.87035,-3.90799e-14,-0.0700128,2.38594
1.53786,2.87035,-3.9968e-14,-0.06611,2.38703
1.5395,2.87035,-3.90799e-14,-0.0622065,2.38805
1.54113,2.87035,-3.86358e-14,-0.0583025,2.38902
1.54277,2.87035,-3.81917e-14,-0.0543978,2.38992
1.5444,2.87035,-3.77476e-14,-0.0504925,2.39076
1.54603,2.87035,-3.95239e-14,-0.0465868,2.39154
1.54767,2.87035,-3.9968e-14,-0.0426805,2.39225
1.5493,2.87035,-3.90799e-14,-0.0387738,2.3929
1.55093,2.87035,-3.95239e-14,-0.0348666,2.39349
1.55257,2.87035,-3.9968e-14,-0.030959,2.39402
1.5542,2.87035,-3.9968e-14,-0.027051,2.39448
1.55583,2.87035,-3.9968e-14,-0.0231426,2.39488
1.55746,2.87035,-3.86358e-14,-0.019234,2.39522
1.55909,2.87035,-3.95239e-14,-0.015325,2.3955
1.56073,2.87035,-3.90799e-14,-0.0114158,2.39571
1.56236,2.87035,-3.86358e-14,-0.00750638,2.39586
1.56399,2.87035,-3.68594e-14,-0.00359673,2.39595
1.56562,2.87035,-3.68594e-14,0.00031309,2.39598
1.56725,2.87035,-3.68594e-14,0.00422305,2.39594
1.56888,2.87035,-3.64153e-14,0.00813313,2.39584
1.57052,2.87035,-3.81917e-14,0.0120433,2.39568
1.57215,2.87035,-3.68594e-14,0.0159535,2.39546
1.57378,2.87035,-3.5083e-14,0.0198637,2.39517
1.57541,2.87035,-3.5083e-14,0.023774,2.39482
1.57705,2.87035,-3.64153e-14,0.0276841,2.39441
1.57868,2.87035,-3.4639e-14,0.0315943,2.39394
1.58031,2.87035,-3.55271e-14,0.0355043,2.3934
1.58195,2.87035,-3.55271e-14,0.0394142,2.3928
1.58358,2.87035,-3.68594e-14,0.0433239,2.39214
1.58522,2.87035,-3.68594e-14,0.0472335,2.39141
1.58685,2.87035,-3.55271e-14,0.0511428,2.39062
1.58849,2.87035,-3.68594e-14,0.0550519,2.38977
1.59012,2.87035,-3.64153e-14,0.0589607,2.38886
1.59176,2.87035,-3.55271e-14,0.0628692,2.38788
1.5934,2.87035,-3.59712e-14,0.0667773,2.38684
1.59503,2.87035,-3.73035e-14,0.0706851,2.38574
1.59667,2.87035,-3.77476e-14,0.0745925,2.38458
1.59831,2.87035,-3.73035e-14,0.0784994,2.38335
1.59995,2.87035,-3.64153e-14,0.0824059,2.38206
1.60159,2.87035,-3.73035e-14,0.0863119,2.3807
1.60323,2.87035,-3.68594e-14,0.0902173,2.37929
1.60487,2.87035,-3.73035e-14,0.0941222,2.3778
1.60652,2.87035,-3.64153e-14,0.0980265,2.37626
1.60816,2.87035,-3.55271e-14,0.10193,2.37465
1.6098,2.87035,-3.68594e-14,0.105833,2.37298
1.61145,2.87035,-3.68594e-14,0.109736,2.37125
1.61309,2.87035,-3.68594e-14,0.113637,2.36945
1.61474,2.87035,-3.68594e-14,0.117538,2.36759
1.61639,2.87035,-3.73035e-14,0.121438,2.36566
1.61804,2.87035,-3.86358e-14,0.125337,2.36367
1.61969,2.87035,-3.86358e-14,0.129236,2.36162
1.62134,2.87035,-3.90799e-14,0.133133,2.35951
1.62299,2.87035,-3.9968e-14,0.13703,2.35732
1.62464,2.87035,-4.08562e-14,0.140925,2.35508
1.6263,2.87035,-4.08562e-14,0.14482,2.35277
1.62795,2.87035,-4.08562e-14,0.148713,2.3504
1.62961,2.87035,-4.04121e-14,0.152606,2.34796
1.63127,2.87035,-4.08562e-14,0.156497,2.34546
1.63293,2.87035,-4.08562e-14,0.160388,2.34289
1.63459,2.87035,-4.08562e-14,0.164277,2.34026
1.63625,2.87035,-4.21885e-14,0.168165,2.33757
1.63792,2.87035,-4.08562e-14,0.172051,2.33481
1.63958,2.87035,-3.95239e-14,0.175936,2.33198
1.64125,2.87035,-4.04121e-14,0.17982,2.32909
1.64292,2.87035,-4.08562e-14,0.183703,2.32614
1.64459,2.87035,-4.08562e-14,0.187584,2.32312
1.64626,2.87035,-4.13003e-14,0.191464,2.32003
1.64793,2.87035,-4.08562e-14,0.195343,2.31688
1.6496,2.87035,-4.21885e-14,0.199219,2.31366
1.65128,2.87035,-4.17444e-14,0.203095,2.31038
1.65296,2.87035,-4.04121e-14,0.206968,2.30704
1.65464,2.87035,-4.13003e-14,0.21084,2.30362
1.65632,2.87035,-4.21885e-14,0.214711,2.30014
1.658,2.87035,-4.17444e-14,0.218579,2.2966
1.65969,2.87035,-4.21885e-14,0.222446,2.29298
1.66137,2.87035,-4.26326e-14,0.226311,2.28931
1.66306,2.87035,-4.21885e-14,0.230174,2.28556
1.66475,2.87035,-4.35207e-14,0.234036,2.28175
1.66645,2.87035,-4.39648e-14,0.237895,2.27787
1.66814,2.87035,-4.39648e-14,0.241753,2.27393
1.66984,2.87035,-4.35207e-14,0.245608,2.26991
1.67154,2.87035,-4.30767e-14,0.249461,2.26583
1.67324,2.87035,-4.35207e-14,0.253312,2.26169
1.67494,2.87035,-4.44089e-14,0.257161,2.25747
1.67665,2.87035,-4.66294e-14,0.261008,2.25319
1.67836,2.87035,-4.57412e-14,0.264852,2.24884
1.68007,2.87035,-4.4853e-14,0.268695,2.24442
1.68178,2.87035,-4.66294e-14,0.272534,2.23993
1.68349,2.87035,-4.61853e-14,0.276372,2.23538
1.68521,2.87035,-4.66294e-14,0.280207,2.23076
1.68693,2.87035,-4.61853e-14,0.284039,2.22606
1.68865,2.87035,-4.57412e-14,0.287869,2.2213
1.69038,2.87035,-4.52971e-14,0.291696,2.21647
1.69211,2.87035,-4.66294e-14,0.29552,2.21157
1.69384,2.87035,-4.70735e-14,0.299342,2.20661
1.69557,2.87035,-4.70735e-14,0.303161,2.20157
1.6973,2.87035,-4.84057e-14,0.306977,2.19646
1.69904,2.87035,-4.75175e-14,0.31079,2.19128
1.70078,2.87035,-4.84057e-14,0.3146,2.18603
1.70253,2.87035,-4.75175e-14,0.318408,2.18071
1.70427,2.87035,-4.70735e-14,0.322212,2.17533
1.70602,2.87035,-4.52971e-14,0.326013,2.16987
1.70777,2.87035,-4.61853e-14,0.32981,2.16433
1.70953,2.87035,-4.57412e-14,0.333605,2.15873
1.71129,2.87035,-4.61853e-14,0.337396,2.15306
1.71305,2.87035,-4.61853e-14,0.341183,2.14731
1.71481,2.87035,-4.61853e-14,0.344968,2.14149
1.71658,2.87035,-4.75175e-14,0.348748,2.13561
1.71835,2.87035,-4.70735e-14,0.352525,2.12964
1.72013,2.87035,-4.75175e-14,0.356299,2.12361
1.72191,2.87035,-4.88498e-14,0.360068,2.1175
1.72369,2.87035,-4.79616e-14,0.363834,2.11132
1.72547,2.87035,-4.75175e-14,0.367596,2.10507
1.72726,2.87035,-4.84057e-14,0.371354,2.09874
1.72905,2.87035,-4.84057e-14,0.375108,2.09234
1.73084,2.87035,-4.84057e-14,0.378858,2.08586
1.73264,2.87035,-4.75175e-14,0.382603,2.07931
1.73445,2.87035,-4.75175e-14,0.386344,2.07269
1.73625,2.87035,-4.75175e-14,0.390081,2.06599
1.73806,2.87035,-4.75175e-14,0.393814,2.05922
1.73987,2.87035,-4.84057e-14,0.397542,2.05237
1.74169,2.87035,-4.84057e-14,0.401265,2.04544
1.74351,2.87035,-4.84057e-14,0.404984,2.03844
1.74534,2.87035,-4.79616e-14,0.408697,2.03136
1.74717,2.87035,-4.75175e-14,0.412406,2.02421
1.749,2.87035,-4.75175e-14,0.41611,2.01698
1.75084,2.87035,-4.75175e-14,0.419809,2.00967
1.75268,2.87035,-4.75175e-14,0.423503,2.00228
1.75452,2.87035,-4.75175e-14,0.427192,1.99482
1.75637,2.87035,-4.79616e-14,0.430875,1.98728
1.75823,2.87035,-4.70735e-14,0.434552,1.97966
1.76009,2.87035,-4.70735e-14,0.438225,1.97196
1.76195,2.87035,-4.75175e-14,0.441891,1.96418
1.76382,2.87035,-4.79616e-14,0.445552,1.95633
1.76569,2.87035,-4.79616e-14,0.449207,1.94839
1.76757,2.87035,-4.75175e-14,0.452856,1.94037
1.76945,2.87035,-4.84057e-14,0.456498,1.93228
1.77133,2.87035,-4.84057e-14,0.460135,1.9241
1.77322,2.87035,-4.92939e-14,0.463765,1.91584
1.77512,2.87035,-4.92939e-14,0.467389,1.9075
1.77702,2.87035,-4.92939e-14,0.471006,1.89908
1.77893,2.87035,-4.92939e-14,0.474617,1.89058
1.78084,2.87035,-4.92939e-14,0.478221,1.88199
1.78275,2.87035,-4.92939e-14,0.481818,1.87332
1.78467,2.87035,-4.9738e-14,0.485408,1.86457
1.7866,2.87035,-4.9738e-14,0.48899,1.85573
1.78853,2.87035,-4.92939e-14,0.492566,1.84681
1.79047,2.87035,-5.01821e-14,0.496133,1.83781
1.79241,2.87035,-5.01821e-14,0.499694,1.82872
1.79436,2.87035,-5.01821e-14,0.503246,1.81954
1.79631,2.87035,-5.10703e-14,0.506791,1.81028
1.79827,2.87035,-5.10703e-14,0.510327,1.80094
1.80023,2.87035,-4.92939e-14,0.513856,1.7915
1.8022,2.87035,-5.01821e-14,0.517376,1.78198
1.80418,2.87035,-5.01821e-14,0.520887,1.77238
1.80616,2.87035,-5.01821e-14,0.52439,1.76268
1.80815,2.87035,-5.10703e-14,0.527884,1.7529
1.81014,2.87035,-5.19584e-14,0.531369,1.74303
1.81214,2.87035,-5.19584e-14,0.534845,1.73307
1.81415,2.87035,-5.15143e-14,0.538311,1.72302
1.81616,2.87035,-5.28466e-14,0.541768,1.71288
1.81818,2.87035,-5.19584e-14,0.545216,1.70265
1.8202,2.87035,-5.19584e-14,0.548653,1.69233
1.82223,2.87035,-5.28466e-14,0.55208,1.68192
1.82427,2.87035,-5.28466e-14,0.555497,1.67141
1.82632,2.87035,-5.19584e-14,0.558904,1.66082
1.82837,2.87035,-5.19584e-14,0.5623,1.65013
1.83043,2.87035,-5.28466e-14,0.565685,1.63935
1.83249,2.87035,-5.28466e-14,0.569059,1.62847
1.83456,2.87035,-5.37348e-14,0.572421,1.6175
1.83664,2.87035,-5.37348e-14,0.575773,1.60644
1.83873,2.87035,-5.55112e-14,0.579112,1.59528
1.84082,2.87035,-5.4623e-14,0.582439,1.58402
1.84292,2.87035,-5.4623e-14,0.585755,1.57267
1.84503,2.87035,-5.37348e-14,0.589057,1.56122
1.84714,2.87035,-5.50671e-14,0.592347,1.54968
1.84927,2.87035,-5.37348e-14,0.595625,1.53804
1.8514,2.87035,-5.4623e-14,0.598889,1.52629
1.85354,2.87035,-5.37348e-14,0.602139,1.51446
1.85568,2.87035,-5.41789e-14,0.605376,1.50252
1.85783,2.87035,-5.4623e-14,0.608599,1.49048
1.86,2.87035,-5.41789e-14,0.611807,1.47834
1.86217,2.87035,-5.4623e-14,0.615001,1.4661
1.86434,2.87035,-5.41789e-14,0.618181,1.45376
1.86653,2.87035,-5.4623e-14,0.621345,1.44132
1.86872,2.87035,-5.37348e-14,0.624493,1.42877
1.87093,2.87035,-5.50671e-14,0.627626,1.41613
1.87314,2.87035,-5.55112e-14,0.630743,1.40337
1.87536,2.87035,-5.68434e-14,0.633844,1.39052
1.87758,2.87035,-5.59552e-14,0.636928,1.37756
1.87982,2.87035,-5.55112e-14,0.639994,1.3645
1.88207,2.87035,-5.50671e-14,0.643044,1.35133
1.88432,2.87035,-5.4623e-14,0.646076,1.33805
1.88659,2.87035,-5.4623e-14,0.649089,1.32467
1.88886,2.87035,-5.41789e-14,0.652084,1.31118
1.89114,2.87035,-5.4623e-14,0.655061,1.29758
1.89343,2.87035,-5.28466e-14,0.658018,1.28388
1.89573,2.87035,-5.28466e-14,0.660955,1.27007
1.89804,2.87035,-5.28466e-14,0.663873,1.25614
1.90036,2.87035,-5.28466e-14,0.66677,1.24211
1.90269,2.87035,-5.24025e-14,0.669647,1.22797
1.90503,2.87035,-5.19584e-14,0.672502,1.21372
1.90738,2.87035,-5.24025e-14,0.675335,1.19936
1.90973,2.87035,-5.19584e-14,0.678147,1.18488
1.9121,2.87035,-5.24025e-14,0.680935,1.1703
1.91448,2.87035,-5.28466e-14,0.683701,1.1556
1.91687,2.87035,-5.28466e-14,0.686443,1.14079
1.91927,2.87035,-5.37348e-14,0.689162,1.12587
1.92168,2.87035,-5.37348e-14,0.691856,1.11083
1.9241,2.87035,-5.41789e-14,0.694524,1.09569
1.92653,2.87035,-5.50671e-14,0.697168,1.08042
1.92897,2.87035,-5.50671e-14,0.699785,1.06505
1.93142,2.87035,-5.41789e-14,0.702376,1.04956
1.93388,2.87035,-5.32907e-14,0.70494,1.03395
1.93635,2.87035,-5.37348e-14,0.707476,1.01823
1.93883,2.87035,-5.4623e-14,0.709984,1.0024
1.94132,2.87035,-5.41789e-14,0.712463,0.986449
1.94383,2.87035,-5.4623e-14,0.714913,0.970385
1.94634,2.87035,-5.4623e-14,0.717333,0.954206
1.94887,2.87035,-5.41789e-14,0.719723,0.937913
1.95141,2.87035,-5.4623e-14,0.722081,0.921504
1.95395,2.87035,-5.50671e-14,0.724408,0.90498
1.95651,2.87035,-5.55112e-14,0.726702,0.888342
1.95908,2.87035,-5.59552e-14,0.728963,0.87159
1.96166,2.87035,-5.63993e-14,0.731191,0.854723
1.96425,2.87035,-5.72875e-14,0.733384,0.837742
1.96686,2.87035,-5.77316e-14,0.735542,0.820648
1.96947,2.87035,-5.77316e-14,0.737664,0.803441
1.97209,2.87035,-5.68434e-14,0.739751,0.786122
1.97473,2.87035,-5.77316e-14,0.7418,0.768691
1.97738,2.87035,-5.81757e-14,0.743811,0.751148
1.98003,2.87035,-5.86198e-14,0.745783,0.733495
1.9827,2.87035,-5.81757e-14,0.747717,0.715733
1.98538,2.87035,-5.9508e-14,0.749611,0.697862
1.98807,2.87035,-5.90639e-14,0.751463,0.679884
1.99077,2.87035,-5.9952e-14,0.753275,0.661799
1.99348,2.87035,-5.9952e-14,0.755044,0.643609
1.9962,2.87035,-6.08402e-14,0.756771,0.625315
1.99894,2.87035,-5.9952e-14,0.758454,0.606918
2.00168,2.87035,-6.08402e-14,0.760093,0.588421
2.00443,2.87035,-6.12843e-14,0.761686,0.569825
2.00719,2.87035,-6.08402e-14,0.763234,0.551131
2.00996,2.87035,-6.21725e-14,0.764736,0.532342
2.01274,2.87035,-6.12843e-14,0.76619,0.513459
2.01553,2.87035,-6.21725e-14,0.767596,0.494486
2.01833,2.87035,-6.08402e-14,0.768954,0.475423
2.02114,2.87035,-6.12843e-14,0.770262,0.456273
2.02396,2.87035,-6.17284e-14,0.77152,0.43704
2.02678,2.87035,-6.17284e-14,0.772727,0.417725
2.02962,2.87035,-6.26166e-14,0.773883,0.398332
2.03246,2.87035,-6.35048e-14,0.774987,0.378863
2.0353,2.87035,-6.43929e-14,0.776038,0.359321
2.03816,2.87035,-6.52811e-14,0.777036,0.339711
2.04102,2.87035,-6.39488e-14,0.77798,0.320034
2.04389,2.87035,-6.4837e-14,0.77887,0.300294
2.04677,2.87035,-6.4837e-14,0.779705,0.280496
2.04965,2.87035,-6.43929e-14,0.780484,0.260642
2.05253,2.87035,-6.39488e-14,0.781208,0.240737
2.05253,2.87035,-6.39488e-14,0.781208,0.240737
